instance_seed,category,N,M,D,K,assign_alpha,epsilon,loads,u,total_energy,makespan,solve_s,method,beam,prune_factor
8039901.0,small,27.0,5.0,6.0,120.0,1.2,120.0,39;21;66;2;36,1;1;1;3;1,257.0,104.0,0.22731927200220525,guided,50.0,2.0
8039901.0,small,27.0,5.0,6.0,120.0,1.2,103.0,39;21;66;2;36,1;1;1;3;1,258.0,103.0,0.1872263338882476,guided,50.0,2.0
8039901.0,small,27.0,5.0,6.0,120.0,1.2,102.0,39;21;66;2;36,1;1;1;3;1,259.0,102.0,0.18518850905820727,guided,50.0,2.0
8039901.0,small,27.0,5.0,6.0,120.0,1.2,101.0,39;21;66;2;36,1;1;1;3;1,261.0,101.0,0.18313593580387533,guided,50.0,2.0
8039901.0,small,27.0,5.0,6.0,120.0,1.2,100.0,39;21;66;2;36,1;1;1;3;1,263.0,86.0,0.1730793360620737,guided,50.0,2.0
8039901.0,small,27.0,5.0,6.0,120.0,1.2,85.0,39;21;66;2;36,1;1;1;3;1,263.0,84.0,0.17287896084599197,guided,50.0,2.0
8039901.0,small,27.0,5.0,6.0,120.0,1.2,83.0,39;21;66;2;36,1;1;1;3;1,265.0,83.0,0.17259983206167817,guided,50.0,2.0
8039901.0,small,27.0,5.0,6.0,120.0,1.2,82.0,39;21;66;2;36,1;1;1;3;1,268.0,82.0,0.16602625511586666,guided,50.0,2.0
8039901.0,small,27.0,5.0,6.0,120.0,1.2,81.0,39;21;66;2;36,1;1;1;3;1,273.0,81.0,0.15421134908683598,guided,50.0,2.0
8039901.0,small,27.0,5.0,6.0,120.0,1.2,80.0,39;21;66;2;36,1;1;1;3;1,278.0,80.0,0.14345995476469398,guided,50.0,2.0
8039901.0,small,27.0,5.0,6.0,120.0,1.2,79.0,39;21;66;2;36,1;1;1;3;1,280.0,79.0,0.13825309392996132,guided,50.0,2.0
8039901.0,small,27.0,5.0,6.0,120.0,1.2,78.0,39;21;66;2;36,1;1;1;3;1,282.0,78.0,0.1334083299152553,guided,50.0,2.0
8039901.0,small,27.0,5.0,6.0,120.0,1.2,77.0,39;21;66;2;36,1;1;1;3;1,284.0,77.0,0.12752709002234042,guided,50.0,2.0
8039901.0,small,27.0,5.0,6.0,120.0,1.2,76.0,39;21;66;2;36,1;1;1;3;1,286.0,74.0,0.11543635069392622,guided,50.0,2.0
8039901.0,small,27.0,5.0,6.0,120.0,1.2,73.0,39;21;66;2;36,1;1;1;3;1,286.0,72.0,0.08885059482418001,guided,50.0,2.0
8039901.0,small,27.0,5.0,6.0,120.0,1.2,71.0,39;21;66;2;36,1;1;1;3;1,288.0,71.0,0.05471984692849219,guided,50.0,2.0
8039901.0,small,27.0,5.0,6.0,120.0,1.2,70.0,39;21;66;2;36,1;1;1;3;1,290.0,70.0,0.05200079921633005,guided,50.0,2.0
8039901.0,small,27.0,5.0,6.0,120.0,1.2,69.0,39;21;66;2;36,1;1;1;3;1,292.0,69.0,0.05287095461972058,guided,50.0,2.0
8039901.0,small,27.0,5.0,6.0,120.0,1.2,68.0,39;21;66;2;36,1;1;1;3;1,294.0,68.0,0.03262970387004316,guided,50.0,2.0
8039901.0,small,27.0,5.0,6.0,120.0,1.2,67.0,39;21;66;2;36,1;1;1;3;1,296.0,67.0,0.016735884128138423,guided,50.0,2.0
8039901.0,small,27.0,5.0,6.0,120.0,1.2,66.0,39;21;66;2;36,1;1;1;3;1,298.0,66.0,0.013302405131980777,guided,50.0,2.0
772716.0,small,27.0,5.0,5.0,100.0,1.2,100.0,32;16;83;30;10,2;3;1;2;3,453.0,100.0,0.34951325482688844,guided,50.0,2.0
772716.0,small,27.0,5.0,5.0,100.0,1.2,99.0,32;16;83;30;10,2;3;1;2;3,453.0,99.0,0.33897687564603984,guided,50.0,2.0
772716.0,small,27.0,5.0,5.0,100.0,1.2,98.0,32;16;83;30;10,2;3;1;2;3,455.0,98.0,0.3003438329324126,guided,50.0,2.0
772716.0,small,27.0,5.0,5.0,100.0,1.2,97.0,32;16;83;30;10,2;3;1;2;3,455.0,97.0,0.27553794509731233,guided,50.0,2.0
772716.0,small,27.0,5.0,5.0,100.0,1.2,96.0,32;16;83;30;10,2;3;1;2;3,457.0,94.0,0.27114036539569497,guided,50.0,2.0
772716.0,small,27.0,5.0,5.0,100.0,1.2,93.0,32;16;83;30;10,2;3;1;2;3,463.0,93.0,0.21867372398264706,guided,50.0,2.0
772716.0,small,27.0,5.0,5.0,100.0,1.2,92.0,32;16;83;30;10,2;3;1;2;3,463.0,92.0,0.20114382496103644,guided,50.0,2.0
772716.0,small,27.0,5.0,5.0,100.0,1.2,91.0,32;16;83;30;10,2;3;1;2;3,463.0,91.0,0.21238204301334918,guided,50.0,2.0
772716.0,small,27.0,5.0,5.0,100.0,1.2,90.0,32;16;83;30;10,2;3;1;2;3,463.0,90.0,0.1843941630795598,guided,50.0,2.0
772716.0,small,27.0,5.0,5.0,100.0,1.2,89.0,32;16;83;30;10,2;3;1;2;3,465.0,89.0,0.17686492390930653,guided,50.0,2.0
772716.0,small,27.0,5.0,5.0,100.0,1.2,88.0,32;16;83;30;10,2;3;1;2;3,465.0,88.0,0.16469816397875547,guided,50.0,2.0
772716.0,small,27.0,5.0,5.0,100.0,1.2,87.0,32;16;83;30;10,2;3;1;2;3,467.0,87.0,0.18538861628621817,guided,50.0,2.0
772716.0,small,27.0,5.0,5.0,100.0,1.2,86.0,32;16;83;30;10,2;3;1;2;3,469.0,86.0,0.18321279203519225,guided,50.0,2.0
772716.0,small,27.0,5.0,5.0,100.0,1.2,85.0,32;16;83;30;10,2;3;1;2;3,471.0,85.0,0.17369450931437314,guided,50.0,2.0
772716.0,small,27.0,5.0,5.0,100.0,1.2,84.0,32;16;83;30;10,2;3;1;2;3,473.0,84.0,0.1663854408543557,guided,50.0,2.0
772716.0,small,27.0,5.0,5.0,100.0,1.2,83.0,32;16;83;30;10,2;3;1;2;3,476.0,83.0,0.14359410014003515,guided,50.0,2.0
648109.0,small,35.0,5.0,4.0,80.0,1.2,80.0,73;28;37;24;28,1;2;2;2;3,539.0,80.0,0.2816565742250532,guided,50.0,2.0
648109.0,small,35.0,5.0,4.0,80.0,1.2,79.0,73;28;37;24;28,1;2;2;2;3,541.0,79.0,0.26387508888728917,guided,50.0,2.0
648109.0,small,35.0,5.0,4.0,80.0,1.2,78.0,73;28;37;24;28,1;2;2;2;3,543.0,78.0,0.24264495470561087,guided,50.0,2.0
648109.0,small,35.0,5.0,4.0,80.0,1.2,77.0,73;28;37;24;28,1;2;2;2;3,545.0,77.0,0.2221729070879519,guided,50.0,2.0
648109.0,small,35.0,5.0,4.0,80.0,1.2,76.0,73;28;37;24;28,1;2;2;2;3,547.0,76.0,0.21217142511159182,guided,50.0,2.0
648109.0,small,35.0,5.0,4.0,80.0,1.2,75.0,73;28;37;24;28,1;2;2;2;3,547.0,75.0,0.20111197512596846,guided,50.0,2.0
648109.0,small,35.0,5.0,4.0,80.0,1.2,74.0,73;28;37;24;28,1;2;2;2;3,547.0,74.0,0.1877566738985479,guided,50.0,2.0
648109.0,small,35.0,5.0,4.0,80.0,1.2,73.0,73;28;37;24;28,1;2;2;2;3,547.0,73.0,0.16682016337290406,guided,50.0,2.0
8366435.0,small,36.0,5.0,6.0,120.0,1.2,120.0,0;26;83;23;88,3;2;1;2;1,432.0,109.0,0.7428307931404561,guided,50.0,2.0
8366435.0,small,36.0,5.0,6.0,120.0,1.2,108.0,0;26;83;23;88,3;2;1;2;1,464.0,108.0,0.6023092218674719,guided,50.0,2.0
8366435.0,small,36.0,5.0,6.0,120.0,1.2,107.0,0;26;83;23;88,3;2;1;2;1,468.0,107.0,0.6211309134960175,guided,50.0,2.0
8366435.0,small,36.0,5.0,6.0,120.0,1.2,106.0,0;26;83;23;88,3;2;1;2;1,466.0,106.0,0.5930641093291342,guided,50.0,2.0
8366435.0,small,36.0,5.0,6.0,120.0,1.2,105.0,0;26;83;23;88,3;2;1;2;1,466.0,105.0,0.5635121390223503,guided,50.0,2.0
8366435.0,small,36.0,5.0,6.0,120.0,1.2,104.0,0;26;83;23;88,3;2;1;2;1,456.0,104.0,0.6366889991331846,guided,50.0,2.0
8366435.0,small,36.0,5.0,6.0,120.0,1.2,103.0,0;26;83;23;88,3;2;1;2;1,448.0,103.0,0.6707086830865592,guided,50.0,2.0
8366435.0,small,36.0,5.0,6.0,120.0,1.2,102.0,0;26;83;23;88,3;2;1;2;1,452.0,102.0,0.7116944349836558,guided,50.0,2.0
8366435.0,small,36.0,5.0,6.0,120.0,1.2,101.0,0;26;83;23;88,3;2;1;2;1,458.0,101.0,0.6740959589369595,guided,50.0,2.0
8366435.0,small,36.0,5.0,6.0,120.0,1.2,100.0,0;26;83;23;88,3;2;1;2;1,462.0,100.0,0.6401970069855452,guided,50.0,2.0
8366435.0,small,36.0,5.0,6.0,120.0,1.2,99.0,0;26;83;23;88,3;2;1;2;1,466.0,99.0,0.6051582789514214,guided,50.0,2.0
8366435.0,small,36.0,5.0,6.0,120.0,1.2,98.0,0;26;83;23;88,3;2;1;2;1,470.0,98.0,0.5867159804329276,guided,50.0,2.0
8366435.0,small,36.0,5.0,6.0,120.0,1.2,97.0,0;26;83;23;88,3;2;1;2;1,474.0,97.0,0.5511276551987976,guided,50.0,2.0
8366435.0,small,36.0,5.0,6.0,120.0,1.2,96.0,0;26;83;23;88,3;2;1;2;1,478.0,96.0,0.5188920542132109,guided,50.0,2.0
8366435.0,small,36.0,5.0,6.0,120.0,1.2,95.0,0;26;83;23;88,3;2;1;2;1,478.0,95.0,0.49643278727307916,guided,50.0,2.0
8366435.0,small,36.0,5.0,6.0,120.0,1.2,94.0,0;26;83;23;88,3;2;1;2;1,478.0,94.0,0.4678385544102639,guided,50.0,2.0
8366435.0,small,36.0,5.0,6.0,120.0,1.2,93.0,0;26;83;23;88,3;2;1;2;1,480.0,93.0,0.4060444892384112,guided,50.0,2.0
8366435.0,small,36.0,5.0,6.0,120.0,1.2,92.0,0;26;83;23;88,3;2;1;2;1,482.0,92.0,0.3660529712215066,guided,50.0,2.0
8366435.0,small,36.0,5.0,6.0,120.0,1.2,91.0,0;26;83;23;88,3;2;1;2;1,484.0,91.0,0.341479848138988,guided,50.0,2.0
8366435.0,small,36.0,5.0,6.0,120.0,1.2,90.0,0;26;83;23;88,3;2;1;2;1,486.0,90.0,0.3320869100280106,guided,50.0,2.0
8366435.0,small,36.0,5.0,6.0,120.0,1.2,89.0,0;26;83;23;88,3;2;1;2;1,490.0,89.0,0.3035362388473004,guided,50.0,2.0
8366435.0,small,36.0,5.0,6.0,120.0,1.2,88.0,0;26;83;23;88,3;2;1;2;1,494.0,88.0,0.2694525420665741,guided,50.0,2.0
2363613.0,small,35.0,5.0,6.0,120.0,1.2,120.0,18;41;13;74;90,3;3;3;2;2,879.0,111.0,0.4938402031548321,guided,50.0,2.0
2363613.0,small,35.0,5.0,6.0,120.0,1.2,110.0,18;41;13;74;90,3;3;3;2;2,919.0,110.0,0.37278074491769075,guided,50.0,2.0
2363613.0,small,35.0,5.0,6.0,120.0,1.2,109.0,18;41;13;74;90,3;3;3;2;2,919.0,109.0,0.3731269829440862,guided,50.0,2.0
2363613.0,small,35.0,5.0,6.0,120.0,1.2,108.0,18;41;13;74;90,3;3;3;2;2,923.0,108.0,0.35355170210823417,guided,50.0,2.0
2363613.0,small,35.0,5.0,6.0,120.0,1.2,107.0,18;41;13;74;90,3;3;3;2;2,923.0,107.0,0.3438976197503507,guided,50.0,2.0
2363613.0,small,35.0,5.0,6.0,120.0,1.2,106.0,18;41;13;74;90,3;3;3;2;2,923.0,106.0,0.3410030633676797,guided,50.0,2.0
2363613.0,small,35.0,5.0,6.0,120.0,1.2,105.0,18;41;13;74;90,3;3;3;2;2,919.0,105.0,0.32917036791332066,guided,50.0,2.0
2363613.0,small,35.0,5.0,6.0,120.0,1.2,104.0,18;41;13;74;90,3;3;3;2;2,919.0,104.0,0.33296143310144544,guided,50.0,2.0
2363613.0,small,35.0,5.0,6.0,120.0,1.2,103.0,18;41;13;74;90,3;3;3;2;2,922.0,103.0,0.36896516592241824,guided,50.0,2.0
2363613.0,small,35.0,5.0,6.0,120.0,1.2,102.0,18;41;13;74;90,3;3;3;2;2,933.0,102.0,0.3444959258195013,guided,50.0,2.0
2363613.0,small,35.0,5.0,6.0,120.0,1.2,101.0,18;41;13;74;90,3;3;3;2;2,944.0,101.0,0.336232356261462,guided,50.0,2.0
2363613.0,small,35.0,5.0,6.0,120.0,1.2,100.0,18;41;13;74;90,3;3;3;2;2,955.0,100.0,0.3173647215589881,guided,50.0,2.0
2363613.0,small,35.0,5.0,6.0,120.0,1.2,99.0,18;41;13;74;90,3;3;3;2;2,959.0,99.0,0.2950241011567414,guided,50.0,2.0
2363613.0,small,35.0,5.0,6.0,120.0,1.2,98.0,18;41;13;74;90,3;3;3;2;2,963.0,98.0,0.25887211970984936,guided,50.0,2.0
2363613.0,small,35.0,5.0,6.0,120.0,1.2,97.0,18;41;13;74;90,3;3;3;2;2,967.0,97.0,0.24216432636603713,guided,50.0,2.0
2363613.0,small,35.0,5.0,6.0,120.0,1.2,96.0,18;41;13;74;90,3;3;3;2;2,971.0,96.0,0.22461111773736775,guided,50.0,2.0
2363613.0,small,35.0,5.0,6.0,120.0,1.2,95.0,18;41;13;74;90,3;3;3;2;2,971.0,95.0,0.21163850231096148,guided,50.0,2.0
2363613.0,small,35.0,5.0,6.0,120.0,1.2,94.0,18;41;13;74;90,3;3;3;2;2,971.0,94.0,0.1886781721841544,guided,50.0,2.0
2363613.0,small,35.0,5.0,6.0,120.0,1.2,93.0,18;41;13;74;90,3;3;3;2;2,971.0,93.0,0.1815018921624869,guided,50.0,2.0
2363613.0,small,35.0,5.0,6.0,120.0,1.2,92.0,18;41;13;74;90,3;3;3;2;2,971.0,92.0,0.16580703645013273,guided,50.0,2.0
2363613.0,small,35.0,5.0,6.0,120.0,1.2,91.0,18;41;13;74;90,3;3;3;2;2,975.0,91.0,0.13228478305973113,guided,50.0,2.0
2363613.0,small,35.0,5.0,6.0,120.0,1.2,90.0,18;41;13;74;90,3;3;3;2;2,979.0,90.0,0.10216865409165621,guided,50.0,2.0
2050182.0,small,30.0,5.0,7.0,140.0,1.2,140.0,24;139;13;19;0,2;1;2;2;3,446.0,140.0,0.39767340337857604,guided,50.0,2.0
2050182.0,small,30.0,5.0,7.0,140.0,1.2,139.0,24;139;13;19;0,2;1;2;2;3,448.0,139.0,0.3690706135239452,guided,50.0,2.0
9978714.0,small,32.0,5.0,7.0,140.0,1.2,140.0,85;3;1;93;24,2;3;3;2;3,711.0,128.0,0.8396654657553881,guided,50.0,2.0
9978714.0,small,32.0,5.0,7.0,140.0,1.2,127.0,85;3;1;93;24,2;3;3;2;3,711.0,126.0,0.9214505844283849,guided,50.0,2.0
9978714.0,small,32.0,5.0,7.0,140.0,1.2,125.0,85;3;1;93;24,2;3;3;2;3,711.0,125.0,0.887063066707924,guided,50.0,2.0
9978714.0,small,32.0,5.0,7.0,140.0,1.2,124.0,85;3;1;93;24,2;3;3;2;3,711.0,124.0,0.8820490720681846,guided,50.0,2.0
9978714.0,small,32.0,5.0,7.0,140.0,1.2,123.0,85;3;1;93;24,2;3;3;2;3,715.0,123.0,0.8251377861015499,guided,50.0,2.0
9978714.0,small,32.0,5.0,7.0,140.0,1.2,122.0,85;3;1;93;24,2;3;3;2;3,719.0,122.0,0.8210060270503163,guided,50.0,2.0
9978714.0,small,32.0,5.0,7.0,140.0,1.2,121.0,85;3;1;93;24,2;3;3;2;3,723.0,121.0,0.7826632265932858,guided,50.0,2.0
9978714.0,small,32.0,5.0,7.0,140.0,1.2,120.0,85;3;1;93;24,2;3;3;2;3,727.0,120.0,0.7364736776798964,guided,50.0,2.0
9978714.0,small,32.0,5.0,7.0,140.0,1.2,119.0,85;3;1;93;24,2;3;3;2;3,731.0,112.0,0.6991689701098949,guided,50.0,2.0
9978714.0,small,32.0,5.0,7.0,140.0,1.2,111.0,85;3;1;93;24,2;3;3;2;3,787.0,111.0,0.6012786824721843,guided,50.0,2.0
9978714.0,small,32.0,5.0,7.0,140.0,1.2,110.0,85;3;1;93;24,2;3;3;2;3,787.0,110.0,0.5757613629102707,guided,50.0,2.0
9978714.0,small,32.0,5.0,7.0,140.0,1.2,109.0,85;3;1;93;24,2;3;3;2;3,795.0,109.0,0.5830849031917751,guided,50.0,2.0
9978714.0,small,32.0,5.0,7.0,140.0,1.2,108.0,85;3;1;93;24,2;3;3;2;3,799.0,108.0,0.5186717328615487,guided,50.0,2.0
9978714.0,small,32.0,5.0,7.0,140.0,1.2,107.0,85;3;1;93;24,2;3;3;2;3,799.0,107.0,0.551022115861997,guided,50.0,2.0
9978714.0,small,32.0,5.0,7.0,140.0,1.2,106.0,85;3;1;93;24,2;3;3;2;3,799.0,106.0,0.5261680660769343,guided,50.0,2.0
9978714.0,small,32.0,5.0,7.0,140.0,1.2,105.0,85;3;1;93;24,2;3;3;2;3,799.0,105.0,0.47693284833803773,guided,50.0,2.0
9978714.0,small,32.0,5.0,7.0,140.0,1.2,104.0,85;3;1;93;24,2;3;3;2;3,795.0,104.0,0.49318095901980996,guided,50.0,2.0
9978714.0,small,32.0,5.0,7.0,140.0,1.2,103.0,85;3;1;93;24,2;3;3;2;3,795.0,103.0,0.5597158328164369,guided,50.0,2.0
9978714.0,small,32.0,5.0,7.0,140.0,1.2,102.0,85;3;1;93;24,2;3;3;2;3,803.0,102.0,0.5196182918734848,guided,50.0,2.0
9978714.0,small,32.0,5.0,7.0,140.0,1.2,101.0,85;3;1;93;24,2;3;3;2;3,811.0,101.0,0.5282567858230323,guided,50.0,2.0
9978714.0,small,32.0,5.0,7.0,140.0,1.2,100.0,85;3;1;93;24,2;3;3;2;3,819.0,100.0,0.5018382200505584,guided,50.0,2.0
9978714.0,small,32.0,5.0,7.0,140.0,1.2,99.0,85;3;1;93;24,2;3;3;2;3,827.0,99.0,0.49296177201904356,guided,50.0,2.0
9978714.0,small,32.0,5.0,7.0,140.0,1.2,98.0,85;3;1;93;24,2;3;3;2;3,835.0,98.0,0.47221974399872124,guided,50.0,2.0
9978714.0,small,32.0,5.0,7.0,140.0,1.2,97.0,85;3;1;93;24,2;3;3;2;3,839.0,97.0,0.38773042405955493,guided,50.0,2.0
9978714.0,small,32.0,5.0,7.0,140.0,1.2,96.0,85;3;1;93;24,2;3;3;2;3,847.0,96.0,0.41381199401803315,guided,50.0,2.0
9978714.0,small,32.0,5.0,7.0,140.0,1.2,95.0,85;3;1;93;24,2;3;3;2;3,851.0,95.0,0.3845731937326491,guided,50.0,2.0
9978714.0,small,32.0,5.0,7.0,140.0,1.2,94.0,85;3;1;93;24,2;3;3;2;3,855.0,94.0,0.3659649204928428,guided,50.0,2.0
9978714.0,small,32.0,5.0,7.0,140.0,1.2,93.0,85;3;1;93;24,2;3;3;2;3,855.0,93.0,0.31657211529091,guided,50.0,2.0
9926029.0,small,28.0,5.0,4.0,80.0,1.2,80.0,27;58;55;16;7,2;1;2;2;3,439.0,71.0,0.11384290317073464,guided,50.0,2.0
9926029.0,small,28.0,5.0,4.0,80.0,1.2,70.0,27;58;55;16;7,2;1;2;2;3,441.0,70.0,0.057801972376182675,guided,50.0,2.0
9926029.0,small,28.0,5.0,4.0,80.0,1.2,69.0,27;58;55;16;7,2;1;2;2;3,441.0,69.0,0.05620989203453064,guided,50.0,2.0
9926029.0,small,28.0,5.0,4.0,80.0,1.2,68.0,27;58;55;16;7,2;1;2;2;3,443.0,68.0,0.05462393490597606,guided,50.0,2.0
9926029.0,small,28.0,5.0,4.0,80.0,1.2,67.0,27;58;55;16;7,2;1;2;2;3,445.0,67.0,0.05448057735338807,guided,50.0,2.0
9926029.0,small,28.0,5.0,4.0,80.0,1.2,66.0,27;58;55;16;7,2;1;2;2;3,451.0,66.0,0.02583951223641634,guided,50.0,2.0
9926029.0,small,28.0,5.0,4.0,80.0,1.2,65.0,27;58;55;16;7,2;1;2;2;3,457.0,65.0,0.023735276190564036,guided,50.0,2.0
9926029.0,small,28.0,5.0,4.0,80.0,1.2,64.0,27;58;55;16;7,2;1;2;2;3,459.0,64.0,0.02158049074932933,guided,50.0,2.0
9926029.0,small,28.0,5.0,4.0,80.0,1.2,63.0,27;58;55;16;7,2;1;2;2;3,468.0,63.0,0.019606733229011297,guided,50.0,2.0
9926029.0,small,28.0,5.0,4.0,80.0,1.2,62.0,27;58;55;16;7,2;1;2;2;3,479.0,62.0,0.01744359009899199,guided,50.0,2.0
9926029.0,small,28.0,5.0,4.0,80.0,1.2,61.0,27;58;55;16;7,2;1;2;2;3,486.0,61.0,0.01542445900849998,guided,50.0,2.0
9926029.0,small,28.0,5.0,4.0,80.0,1.2,60.0,27;58;55;16;7,2;1;2;2;3,497.0,60.0,0.013457629829645157,guided,50.0,2.0
9926029.0,small,28.0,5.0,4.0,80.0,1.2,59.0,27;58;55;16;7,2;1;2;2;3,503.0,59.0,0.01130677992478013,guided,50.0,2.0
9926029.0,small,28.0,5.0,4.0,80.0,1.2,58.0,27;58;55;16;7,2;1;2;2;3,509.0,58.0,0.009213734650984406,guided,50.0,2.0
876386.0,small,33.0,5.0,4.0,80.0,1.2,80.0,39;73;35;47;8,2;1;2;1;3,491.0,80.0,0.13953218515962362,guided,50.0,2.0
876386.0,small,33.0,5.0,4.0,80.0,1.2,79.0,39;73;35;47;8,2;1;2;1;3,493.0,79.0,0.13106402405537665,guided,50.0,2.0
876386.0,small,33.0,5.0,4.0,80.0,1.2,78.0,39;73;35;47;8,2;1;2;1;3,495.0,78.0,0.11960363108664751,guided,50.0,2.0
876386.0,small,33.0,5.0,4.0,80.0,1.2,77.0,39;73;35;47;8,2;1;2;1;3,497.0,77.0,0.10495840990915895,guided,50.0,2.0
876386.0,small,33.0,5.0,4.0,80.0,1.2,76.0,39;73;35;47;8,2;1;2;1;3,499.0,76.0,0.07617338071577251,guided,50.0,2.0
876386.0,small,33.0,5.0,4.0,80.0,1.2,75.0,39;73;35;47;8,2;1;2;1;3,499.0,73.0,0.06456399010494351,guided,50.0,2.0
6354388.0,small,37.0,5.0,5.0,100.0,1.2,100.0,27;74;29;95;7,3;2;3;2;3,923.0,100.0,0.558345302939415,guided,50.0,2.0
6354388.0,small,37.0,5.0,5.0,100.0,1.2,99.0,27;74;29;95;7,3;2;3;2;3,927.0,99.0,0.5262768340762705,guided,50.0,2.0
6354388.0,small,37.0,5.0,5.0,100.0,1.2,98.0,27;74;29;95;7,3;2;3;2;3,931.0,98.0,0.5133471079170704,guided,50.0,2.0
6354388.0,small,37.0,5.0,5.0,100.0,1.2,97.0,27;74;29;95;7,3;2;3;2;3,935.0,97.0,0.4975723000243306,guided,50.0,2.0
6354388.0,small,37.0,5.0,5.0,100.0,1.2,96.0,27;74;29;95;7,3;2;3;2;3,939.0,96.0,0.48085423186421394,guided,50.0,2.0
6354388.0,small,37.0,5.0,5.0,100.0,1.2,95.0,27;74;29;95;7,3;2;3;2;3,939.0,95.0,0.4614460759330541,guided,50.0,2.0
9120089.0,small,35.0,5.0,4.0,80.0,1.2,80.0,13;71;80;19;49,2;1;1;2;2,578.0,80.0,0.07055621384643018,guided,50.0,2.0
751795.0,small,30.0,5.0,6.0,120.0,1.2,120.0,97;8;18;15;62,1;2;2;2;1,396.0,120.0,0.6207176398020238,guided,50.0,2.0
751795.0,small,30.0,5.0,6.0,120.0,1.2,119.0,97;8;18;15;62,1;2;2;2;1,396.0,119.0,0.616925650741905,guided,50.0,2.0
751795.0,small,30.0,5.0,6.0,120.0,1.2,118.0,97;8;18;15;62,1;2;2;2;1,398.0,118.0,0.6093197062145919,guided,50.0,2.0
751795.0,small,30.0,5.0,6.0,120.0,1.2,117.0,97;8;18;15;62,1;2;2;2;1,400.0,117.0,0.6080354799050838,guided,50.0,2.0
751795.0,small,30.0,5.0,6.0,120.0,1.2,116.0,97;8;18;15;62,1;2;2;2;1,402.0,113.0,0.5930696232244372,guided,50.0,2.0
751795.0,small,30.0,5.0,6.0,120.0,1.2,112.0,97;8;18;15;62,1;2;2;2;1,420.0,112.0,0.5456186411902308,guided,50.0,2.0
751795.0,small,30.0,5.0,6.0,120.0,1.2,111.0,97;8;18;15;62,1;2;2;2;1,420.0,111.0,0.5219196730758995,guided,50.0,2.0
751795.0,small,30.0,5.0,6.0,120.0,1.2,110.0,97;8;18;15;62,1;2;2;2;1,420.0,110.0,0.5352937360294163,guided,50.0,2.0
751795.0,small,30.0,5.0,6.0,120.0,1.2,109.0,97;8;18;15;62,1;2;2;2;1,420.0,109.0,0.5173649620264769,guided,50.0,2.0
751795.0,small,30.0,5.0,6.0,120.0,1.2,108.0,97;8;18;15;62,1;2;2;2;1,420.0,108.0,0.4555330090224743,guided,50.0,2.0
751795.0,small,30.0,5.0,6.0,120.0,1.2,107.0,97;8;18;15;62,1;2;2;2;1,420.0,107.0,0.4848898551426828,guided,50.0,2.0
751795.0,small,30.0,5.0,6.0,120.0,1.2,106.0,97;8;18;15;62,1;2;2;2;1,420.0,106.0,0.4735043686814606,guided,50.0,2.0
751795.0,small,30.0,5.0,6.0,120.0,1.2,105.0,97;8;18;15;62,1;2;2;2;1,418.0,105.0,0.4441492466721684,guided,50.0,2.0
751795.0,small,30.0,5.0,6.0,120.0,1.2,104.0,97;8;18;15;62,1;2;2;2;1,418.0,104.0,0.4516174120362848,guided,50.0,2.0
751795.0,small,30.0,5.0,6.0,120.0,1.2,103.0,97;8;18;15;62,1;2;2;2;1,422.0,103.0,0.4207682181149721,guided,50.0,2.0
751795.0,small,30.0,5.0,6.0,120.0,1.2,102.0,97;8;18;15;62,1;2;2;2;1,426.0,102.0,0.40347710717469454,guided,50.0,2.0
751795.0,small,30.0,5.0,6.0,120.0,1.2,101.0,97;8;18;15;62,1;2;2;2;1,430.0,101.0,0.3862150330096483,guided,50.0,2.0
751795.0,small,30.0,5.0,6.0,120.0,1.2,100.0,97;8;18;15;62,1;2;2;2;1,434.0,100.0,0.36696839588694274,guided,50.0,2.0
751795.0,small,30.0,5.0,6.0,120.0,1.2,99.0,97;8;18;15;62,1;2;2;2;1,436.0,99.0,0.3561057602055371,guided,50.0,2.0
751795.0,small,30.0,5.0,6.0,120.0,1.2,98.0,97;8;18;15;62,1;2;2;2;1,438.0,98.0,0.3383178007788956,guided,50.0,2.0
751795.0,small,30.0,5.0,6.0,120.0,1.2,97.0,97;8;18;15;62,1;2;2;2;1,440.0,97.0,0.304770017741248,guided,50.0,2.0
835593.0,small,35.0,5.0,6.0,120.0,1.2,120.0,20;19;120;41;25,3;3;1;2;2,620.0,120.0,0.37044781702570617,guided,50.0,2.0
1234782.0,small,40.0,5.0,7.0,140.0,1.2,140.0,82;34;15;86;28,2;3;3;2;3,911.0,124.0,0.8812878900207579,guided,50.0,2.0
1234782.0,small,40.0,5.0,7.0,140.0,1.2,123.0,82;34;15;86;28,2;3;3;2;3,915.0,123.0,0.8999752427916974,guided,50.0,2.0
1234782.0,small,40.0,5.0,7.0,140.0,1.2,122.0,82;34;15;86;28,2;3;3;2;3,919.0,122.0,0.8656921240035444,guided,50.0,2.0
1234782.0,small,40.0,5.0,7.0,140.0,1.2,121.0,82;34;15;86;28,2;3;3;2;3,923.0,121.0,0.7829564728308469,guided,50.0,2.0
1234782.0,small,40.0,5.0,7.0,140.0,1.2,120.0,82;34;15;86;28,2;3;3;2;3,927.0,109.0,0.7643017626833171,guided,50.0,2.0
1234782.0,small,40.0,5.0,7.0,140.0,1.2,108.0,82;34;15;86;28,2;3;3;2;3,987.0,108.0,0.6803827013354748,guided,50.0,2.0
1234782.0,small,40.0,5.0,7.0,140.0,1.2,107.0,82;34;15;86;28,2;3;3;2;3,987.0,107.0,0.6482300460338593,guided,50.0,2.0
1234782.0,small,40.0,5.0,7.0,140.0,1.2,106.0,82;34;15;86;28,2;3;3;2;3,991.0,106.0,0.6214781918097287,guided,50.0,2.0
1234782.0,small,40.0,5.0,7.0,140.0,1.2,105.0,82;34;15;86;28,2;3;3;2;3,987.0,105.0,0.652005810290575,guided,50.0,2.0
1234782.0,small,40.0,5.0,7.0,140.0,1.2,104.0,82;34;15;86;28,2;3;3;2;3,975.0,104.0,0.6544456607662141,guided,50.0,2.0
1234782.0,small,40.0,5.0,7.0,140.0,1.2,103.0,82;34;15;86;28,2;3;3;2;3,959.0,103.0,0.7162078206893057,guided,50.0,2.0
1234782.0,small,40.0,5.0,7.0,140.0,1.2,102.0,82;34;15;86;28,2;3;3;2;3,955.0,102.0,0.7020665539894253,guided,50.0,2.0
1234782.0,small,40.0,5.0,7.0,140.0,1.2,101.0,82;34;15;86;28,2;3;3;2;3,963.0,101.0,0.673437908757478,guided,50.0,2.0
1234782.0,small,40.0,5.0,7.0,140.0,1.2,100.0,82;34;15;86;28,2;3;3;2;3,975.0,100.0,0.6455770193133503,guided,50.0,2.0
1234782.0,small,40.0,5.0,7.0,140.0,1.2,99.0,82;34;15;86;28,2;3;3;2;3,983.0,99.0,0.6240915139205754,guided,50.0,2.0
1234782.0,small,40.0,5.0,7.0,140.0,1.2,98.0,82;34;15;86;28,2;3;3;2;3,991.0,98.0,0.6048129939008504,guided,50.0,2.0
1234782.0,small,40.0,5.0,7.0,140.0,1.2,97.0,82;34;15;86;28,2;3;3;2;3,999.0,97.0,0.580240806331858,guided,50.0,2.0
1234782.0,small,40.0,5.0,7.0,140.0,1.2,96.0,82;34;15;86;28,2;3;3;2;3,1007.0,96.0,0.5444391220808029,guided,50.0,2.0
1234782.0,small,40.0,5.0,7.0,140.0,1.2,95.0,82;34;15;86;28,2;3;3;2;3,1007.0,95.0,0.5335224750451744,guided,50.0,2.0
1234782.0,small,40.0,5.0,7.0,140.0,1.2,94.0,82;34;15;86;28,2;3;3;2;3,1007.0,94.0,0.4748935210518539,guided,50.0,2.0
1234782.0,small,40.0,5.0,7.0,140.0,1.2,93.0,82;34;15;86;28,2;3;3;2;3,1015.0,93.0,0.4053250402212143,guided,50.0,2.0
1234782.0,small,40.0,5.0,7.0,140.0,1.2,92.0,82;34;15;86;28,2;3;3;2;3,1027.0,92.0,0.36963507952168584,guided,50.0,2.0
1234782.0,small,40.0,5.0,7.0,140.0,1.2,91.0,82;34;15;86;28,2;3;3;2;3,1027.0,91.0,0.36897109588608146,guided,50.0,2.0
1234782.0,small,40.0,5.0,7.0,140.0,1.2,90.0,82;34;15;86;28,2;3;3;2;3,1027.0,90.0,0.35833905823528767,guided,50.0,2.0
1234782.0,small,40.0,5.0,7.0,140.0,1.2,89.0,82;34;15;86;28,2;3;3;2;3,1031.0,89.0,0.3290070828516036,guided,50.0,2.0
1234782.0,small,40.0,5.0,7.0,140.0,1.2,88.0,82;34;15;86;28,2;3;3;2;3,1039.0,88.0,0.3143665296956897,guided,50.0,2.0
1234782.0,small,40.0,5.0,7.0,140.0,1.2,87.0,82;34;15;86;28,2;3;3;2;3,1047.0,87.0,0.27639362518675625,guided,50.0,2.0
1234782.0,small,40.0,5.0,7.0,140.0,1.2,86.0,82;34;15;86;28,2;3;3;2;3,1055.0,86.0,0.2585788418073207,guided,50.0,2.0
8607207.0,small,36.0,5.0,7.0,140.0,1.2,140.0,4;42;81;31;19,3;3;2;2;2,592.0,124.0,0.5568263519089669,guided,50.0,2.0
8607207.0,small,36.0,5.0,7.0,140.0,1.2,123.0,4;42;81;31;19,3;3;2;2;2,594.0,123.0,0.557247795863077,guided,50.0,2.0
8607207.0,small,36.0,5.0,7.0,140.0,1.2,122.0,4;42;81;31;19,3;3;2;2;2,596.0,122.0,0.5246430833358318,guided,50.0,2.0
8607207.0,small,36.0,5.0,7.0,140.0,1.2,121.0,4;42;81;31;19,3;3;2;2;2,598.0,121.0,0.4922842748928815,guided,50.0,2.0
8607207.0,small,36.0,5.0,7.0,140.0,1.2,120.0,4;42;81;31;19,3;3;2;2;2,600.0,106.0,0.4769125629682094,guided,50.0,2.0
8607207.0,small,36.0,5.0,7.0,140.0,1.2,105.0,4;42;81;31;19,3;3;2;2;2,616.0,105.0,0.4675607760436833,guided,50.0,2.0
8607207.0,small,36.0,5.0,7.0,140.0,1.2,104.0,4;42;81;31;19,3;3;2;2;2,612.0,104.0,0.4824749070685357,guided,50.0,2.0
8607207.0,small,36.0,5.0,7.0,140.0,1.2,103.0,4;42;81;31;19,3;3;2;2;2,610.0,103.0,0.4714028141461313,guided,50.0,2.0
8607207.0,small,36.0,5.0,7.0,140.0,1.2,102.0,4;42;81;31;19,3;3;2;2;2,612.0,102.0,0.4487040308304131,guided,50.0,2.0
8607207.0,small,36.0,5.0,7.0,140.0,1.2,101.0,4;42;81;31;19,3;3;2;2;2,619.0,101.0,0.43277402804233134,guided,50.0,2.0
8607207.0,small,36.0,5.0,7.0,140.0,1.2,100.0,4;42;81;31;19,3;3;2;2;2,626.0,100.0,0.4343364827800542,guided,50.0,2.0
8607207.0,small,36.0,5.0,7.0,140.0,1.2,99.0,4;42;81;31;19,3;3;2;2;2,626.0,99.0,0.4147872277535498,guided,50.0,2.0
8607207.0,small,36.0,5.0,7.0,140.0,1.2,98.0,4;42;81;31;19,3;3;2;2;2,630.0,98.0,0.40261377301067114,guided,50.0,2.0
8607207.0,small,36.0,5.0,7.0,140.0,1.2,97.0,4;42;81;31;19,3;3;2;2;2,634.0,97.0,0.38974783197045326,guided,50.0,2.0
8607207.0,small,36.0,5.0,7.0,140.0,1.2,96.0,4;42;81;31;19,3;3;2;2;2,638.0,93.0,0.37581486837007105,guided,50.0,2.0
8607207.0,small,36.0,5.0,7.0,140.0,1.2,92.0,4;42;81;31;19,3;3;2;2;2,654.0,92.0,0.30069818277843297,guided,50.0,2.0
8607207.0,small,36.0,5.0,7.0,140.0,1.2,91.0,4;42;81;31;19,3;3;2;2;2,654.0,91.0,0.29062179010361433,guided,50.0,2.0
8607207.0,small,36.0,5.0,7.0,140.0,1.2,90.0,4;42;81;31;19,3;3;2;2;2,654.0,90.0,0.32045697420835495,guided,50.0,2.0
8607207.0,small,36.0,5.0,7.0,140.0,1.2,89.0,4;42;81;31;19,3;3;2;2;2,654.0,89.0,0.2767519545741379,guided,50.0,2.0
8607207.0,small,36.0,5.0,7.0,140.0,1.2,88.0,4;42;81;31;19,3;3;2;2;2,658.0,88.0,0.2744836008641869,guided,50.0,2.0
8607207.0,small,36.0,5.0,7.0,140.0,1.2,87.0,4;42;81;31;19,3;3;2;2;2,658.0,87.0,0.25295813172124326,guided,50.0,2.0
8607207.0,small,36.0,5.0,7.0,140.0,1.2,86.0,4;42;81;31;19,3;3;2;2;2,662.0,86.0,0.2624668248463422,guided,50.0,2.0
8607207.0,small,36.0,5.0,7.0,140.0,1.2,85.0,4;42;81;31;19,3;3;2;2;2,666.0,85.0,0.2482841752935201,guided,50.0,2.0
8607207.0,small,36.0,5.0,7.0,140.0,1.2,84.0,4;42;81;31;19,3;3;2;2;2,670.0,84.0,0.2374071239028126,guided,50.0,2.0
8607207.0,small,36.0,5.0,7.0,140.0,1.2,83.0,4;42;81;31;19,3;3;2;2;2,681.0,83.0,0.228603879455477,guided,50.0,2.0
8607207.0,small,36.0,5.0,7.0,140.0,1.2,82.0,4;42;81;31;19,3;3;2;2;2,692.0,82.0,0.21759575069881976,guided,50.0,2.0
8607207.0,small,36.0,5.0,7.0,140.0,1.2,81.0,4;42;81;31;19,3;3;2;2;2,703.0,81.0,0.19313259306363761,guided,50.0,2.0
1092783.0,small,29.0,5.0,5.0,100.0,1.2,100.0,17;59;14;80;29,3;1;3;1;2,463.0,100.0,0.3384331113193184,guided,50.0,2.0
1092783.0,small,29.0,5.0,5.0,100.0,1.2,99.0,17;59;14;80;29,3;1;3;1;2,465.0,99.0,0.3329466828145087,guided,50.0,2.0
1092783.0,small,29.0,5.0,5.0,100.0,1.2,98.0,17;59;14;80;29,3;1;3;1;2,467.0,98.0,0.3236476113088429,guided,50.0,2.0
1092783.0,small,29.0,5.0,5.0,100.0,1.2,97.0,17;59;14;80;29,3;1;3;1;2,469.0,97.0,0.3129740559961647,guided,50.0,2.0
1092783.0,small,29.0,5.0,5.0,100.0,1.2,96.0,17;59;14;80;29,3;1;3;1;2,471.0,92.0,0.30904225329868495,guided,50.0,2.0
1092783.0,small,29.0,5.0,5.0,100.0,1.2,91.0,17;59;14;80;29,3;1;3;1;2,483.0,91.0,0.20126028824597597,guided,50.0,2.0
1092783.0,small,29.0,5.0,5.0,100.0,1.2,90.0,17;59;14;80;29,3;1;3;1;2,481.0,90.0,0.2051875153556466,guided,50.0,2.0
1092783.0,small,29.0,5.0,5.0,100.0,1.2,89.0,17;59;14;80;29,3;1;3;1;2,481.0,89.0,0.19751672283746302,guided,50.0,2.0
1092783.0,small,29.0,5.0,5.0,100.0,1.2,88.0,17;59;14;80;29,3;1;3;1;2,481.0,88.0,0.19433905370533466,guided,50.0,2.0
1092783.0,small,29.0,5.0,5.0,100.0,1.2,87.0,17;59;14;80;29,3;1;3;1;2,481.0,87.0,0.18474583909846842,guided,50.0,2.0
1092783.0,small,29.0,5.0,5.0,100.0,1.2,86.0,17;59;14;80;29,3;1;3;1;2,483.0,86.0,0.1604947808664292,guided,50.0,2.0
1092783.0,small,29.0,5.0,5.0,100.0,1.2,85.0,17;59;14;80;29,3;1;3;1;2,485.0,85.0,0.15367703279480338,guided,50.0,2.0
1092783.0,small,29.0,5.0,5.0,100.0,1.2,84.0,17;59;14;80;29,3;1;3;1;2,489.0,84.0,0.15271888906136155,guided,50.0,2.0
1092783.0,small,29.0,5.0,5.0,100.0,1.2,83.0,17;59;14;80;29,3;1;3;1;2,495.0,83.0,0.14406534610316157,guided,50.0,2.0
1092783.0,small,29.0,5.0,5.0,100.0,1.2,82.0,17;59;14;80;29,3;1;3;1;2,500.0,82.0,0.1312129907310009,guided,50.0,2.0
1092783.0,small,29.0,5.0,5.0,100.0,1.2,81.0,17;59;14;80;29,3;1;3;1;2,503.0,81.0,0.11875762674026191,guided,50.0,2.0
1092783.0,small,29.0,5.0,5.0,100.0,1.2,80.0,17;59;14;80;29,3;1;3;1;2,507.0,80.0,0.0906279741320759,guided,50.0,2.0
396434.0,small,28.0,5.0,4.0,80.0,1.2,80.0,18;39;17;68;18,2;2;2;1;2,386.0,80.0,0.2910496140830219,guided,50.0,2.0
396434.0,small,28.0,5.0,4.0,80.0,1.2,79.0,18;39;17;68;18,2;2;2;1;2,388.0,79.0,0.2744162459857762,guided,50.0,2.0
396434.0,small,28.0,5.0,4.0,80.0,1.2,78.0,18;39;17;68;18,2;2;2;1;2,390.0,78.0,0.2600917131640017,guided,50.0,2.0
396434.0,small,28.0,5.0,4.0,80.0,1.2,77.0,18;39;17;68;18,2;2;2;1;2,392.0,77.0,0.23752172896638513,guided,50.0,2.0
396434.0,small,28.0,5.0,4.0,80.0,1.2,76.0,18;39;17;68;18,2;2;2;1;2,394.0,76.0,0.22318776324391365,guided,50.0,2.0
396434.0,small,28.0,5.0,4.0,80.0,1.2,75.0,18;39;17;68;18,2;2;2;1;2,394.0,75.0,0.2055171129759401,guided,50.0,2.0
396434.0,small,28.0,5.0,4.0,80.0,1.2,74.0,18;39;17;68;18,2;2;2;1;2,394.0,74.0,0.19046616507694125,guided,50.0,2.0
396434.0,small,28.0,5.0,4.0,80.0,1.2,73.0,18;39;17;68;18,2;2;2;1;2,394.0,73.0,0.1654558628797531,guided,50.0,2.0
396434.0,small,28.0,5.0,4.0,80.0,1.2,72.0,18;39;17;68;18,2;2;2;1;2,394.0,72.0,0.14404348679818213,guided,50.0,2.0
396434.0,small,28.0,5.0,4.0,80.0,1.2,71.0,18;39;17;68;18,2;2;2;1;2,396.0,71.0,0.13359293108806014,guided,50.0,2.0
396434.0,small,28.0,5.0,4.0,80.0,1.2,70.0,18;39;17;68;18,2;2;2;1;2,398.0,70.0,0.12305838195607066,guided,50.0,2.0
396434.0,small,28.0,5.0,4.0,80.0,1.2,69.0,18;39;17;68;18,2;2;2;1;2,400.0,69.0,0.11005454766564071,guided,50.0,2.0
396434.0,small,28.0,5.0,4.0,80.0,1.2,68.0,18;39;17;68;18,2;2;2;1;2,402.0,68.0,0.07991517195478082,guided,50.0,2.0
1190278.0,small,29.0,5.0,4.0,80.0,1.2,80.0,39;27;78;26;12,2;2;1;2;3,500.0,80.0,0.10439253598451614,guided,50.0,2.0
1190278.0,small,29.0,5.0,4.0,80.0,1.2,79.0,39;27;78;26;12,2;2;1;2;3,502.0,79.0,0.09802166395820677,guided,50.0,2.0
1190278.0,small,29.0,5.0,4.0,80.0,1.2,78.0,39;27;78;26;12,2;2;1;2;3,504.0,78.0,0.05091331689618528,guided,50.0,2.0
1242415.0,small,34.0,5.0,6.0,120.0,1.2,120.0,29;11;107;25;19,2;3;1;3;3,524.0,120.0,0.46346187591552734,guided,50.0,2.0
1242415.0,small,34.0,5.0,6.0,120.0,1.2,119.0,29;11;107;25;19,2;3;1;3;3,524.0,119.0,0.42951327632181346,guided,50.0,2.0
1242415.0,small,34.0,5.0,6.0,120.0,1.2,118.0,29;11;107;25;19,2;3;1;3;3,526.0,118.0,0.47212171042338014,guided,50.0,2.0
1242415.0,small,34.0,5.0,6.0,120.0,1.2,117.0,29;11;107;25;19,2;3;1;3;3,526.0,117.0,0.4871683157980442,guided,50.0,2.0
1242415.0,small,34.0,5.0,6.0,120.0,1.2,116.0,29;11;107;25;19,2;3;1;3;3,528.0,116.0,0.48381324391812086,guided,50.0,2.0
1242415.0,small,34.0,5.0,6.0,120.0,1.2,115.0,29;11;107;25;19,2;3;1;3;3,528.0,115.0,0.4082367839291692,guided,50.0,2.0
1242415.0,small,34.0,5.0,6.0,120.0,1.2,114.0,29;11;107;25;19,2;3;1;3;3,530.0,114.0,0.4080486949533224,guided,50.0,2.0
1242415.0,small,34.0,5.0,6.0,120.0,1.2,113.0,29;11;107;25;19,2;3;1;3;3,530.0,113.0,0.4030371371190995,guided,50.0,2.0
1242415.0,small,34.0,5.0,6.0,120.0,1.2,112.0,29;11;107;25;19,2;3;1;3;3,528.0,112.0,0.3730640911962837,guided,50.0,2.0
1242415.0,small,34.0,5.0,6.0,120.0,1.2,111.0,29;11;107;25;19,2;3;1;3;3,530.0,111.0,0.36121123167686164,guided,50.0,2.0
1242415.0,small,34.0,5.0,6.0,120.0,1.2,110.0,29;11;107;25;19,2;3;1;3;3,532.0,110.0,0.3518286261241883,guided,50.0,2.0
1242415.0,small,34.0,5.0,6.0,120.0,1.2,109.0,29;11;107;25;19,2;3;1;3;3,534.0,109.0,0.3420464377850294,guided,50.0,2.0
1242415.0,small,34.0,5.0,6.0,120.0,1.2,108.0,29;11;107;25;19,2;3;1;3;3,536.0,108.0,0.3298578541725874,guided,50.0,2.0
1242415.0,small,34.0,5.0,6.0,120.0,1.2,107.0,29;11;107;25;19,2;3;1;3;3,538.0,107.0,0.30251027015037835,guided,50.0,2.0
9599305.0,small,26.0,5.0,5.0,100.0,1.2,100.0,44;20;3;55;72,1;1;3;1;1,319.0,88.0,0.152250504354015,guided,50.0,2.0
9599305.0,small,26.0,5.0,5.0,100.0,1.2,87.0,44;20;3;55;72,1;1;3;1;1,321.0,87.0,0.10678888973779976,guided,50.0,2.0
9599305.0,small,26.0,5.0,5.0,100.0,1.2,86.0,44;20;3;55;72,1;1;3;1;1,323.0,86.0,0.09933045995421708,guided,50.0,2.0
9599305.0,small,26.0,5.0,5.0,100.0,1.2,85.0,44;20;3;55;72,1;1;3;1;1,325.0,85.0,0.09640437318012118,guided,50.0,2.0
9599305.0,small,26.0,5.0,5.0,100.0,1.2,84.0,44;20;3;55;72,1;1;3;1;1,327.0,84.0,0.07739920099265873,guided,50.0,2.0
9599305.0,small,26.0,5.0,5.0,100.0,1.2,83.0,44;20;3;55;72,1;1;3;1;1,334.0,83.0,0.06569090974517167,guided,50.0,2.0
9599305.0,small,26.0,5.0,5.0,100.0,1.2,82.0,44;20;3;55;72,1;1;3;1;1,341.0,82.0,0.06321843899786472,guided,50.0,2.0
9599305.0,small,26.0,5.0,5.0,100.0,1.2,81.0,44;20;3;55;72,1;1;3;1;1,346.0,81.0,0.06160649028606713,guided,50.0,2.0
9599305.0,small,26.0,5.0,5.0,100.0,1.2,80.0,44;20;3;55;72,1;1;3;1;1,351.0,80.0,0.05705662304535508,guided,50.0,2.0
9599305.0,small,26.0,5.0,5.0,100.0,1.2,79.0,44;20;3;55;72,1;1;3;1;1,353.0,79.0,0.05549147259443998,guided,50.0,2.0
9599305.0,small,26.0,5.0,5.0,100.0,1.2,78.0,44;20;3;55;72,1;1;3;1;1,355.0,78.0,0.05409025098197162,guided,50.0,2.0
9599305.0,small,26.0,5.0,5.0,100.0,1.2,77.0,44;20;3;55;72,1;1;3;1;1,357.0,77.0,0.05176337226293981,guided,50.0,2.0
9599305.0,small,26.0,5.0,5.0,100.0,1.2,76.0,44;20;3;55;72,1;1;3;1;1,359.0,72.0,0.0497413850389421,guided,50.0,2.0
604870.0,small,25.0,5.0,6.0,120.0,1.2,120.0,40;42;3;0;91,1;1;2;2;1,288.0,110.0,0.305265260161832,guided,50.0,2.0
604870.0,small,25.0,5.0,6.0,120.0,1.2,109.0,40;42;3;0;91,1;1;2;2;1,302.0,109.0,0.1999127899762243,guided,50.0,2.0
604870.0,small,25.0,5.0,6.0,120.0,1.2,108.0,40;42;3;0;91,1;1;2;2;1,302.0,108.0,0.19520063581876457,guided,50.0,2.0
604870.0,small,25.0,5.0,6.0,120.0,1.2,107.0,40;42;3;0;91,1;1;2;2;1,302.0,107.0,0.19883863418363035,guided,50.0,2.0
604870.0,small,25.0,5.0,6.0,120.0,1.2,106.0,40;42;3;0;91,1;1;2;2;1,302.0,106.0,0.19099028687924147,guided,50.0,2.0
604870.0,small,25.0,5.0,6.0,120.0,1.2,105.0,40;42;3;0;91,1;1;2;2;1,300.0,105.0,0.19502361887134612,guided,50.0,2.0
604870.0,small,25.0,5.0,6.0,120.0,1.2,104.0,40;42;3;0;91,1;1;2;2;1,298.0,104.0,0.20391429914161563,guided,50.0,2.0
604870.0,small,25.0,5.0,6.0,120.0,1.2,103.0,40;42;3;0;91,1;1;2;2;1,301.0,103.0,0.18719599000178277,guided,50.0,2.0
604870.0,small,25.0,5.0,6.0,120.0,1.2,102.0,40;42;3;0;91,1;1;2;2;1,305.0,102.0,0.16212318907491863,guided,50.0,2.0
604870.0,small,25.0,5.0,6.0,120.0,1.2,101.0,40;42;3;0;91,1;1;2;2;1,309.0,101.0,0.14784324611537158,guided,50.0,2.0
604870.0,small,25.0,5.0,6.0,120.0,1.2,100.0,40;42;3;0;91,1;1;2;2;1,314.0,100.0,0.13971295091323555,guided,50.0,2.0
604870.0,small,25.0,5.0,6.0,120.0,1.2,99.0,40;42;3;0;91,1;1;2;2;1,316.0,99.0,0.12824171991087496,guided,50.0,2.0
604870.0,small,25.0,5.0,6.0,120.0,1.2,98.0,40;42;3;0;91,1;1;2;2;1,318.0,98.0,0.1401276122778654,guided,50.0,2.0
604870.0,small,25.0,5.0,6.0,120.0,1.2,97.0,40;42;3;0;91,1;1;2;2;1,320.0,97.0,0.11772958771325648,guided,50.0,2.0
604870.0,small,25.0,5.0,6.0,120.0,1.2,96.0,40;42;3;0;91,1;1;2;2;1,322.0,95.0,0.08993937610648572,guided,50.0,2.0
604870.0,small,25.0,5.0,6.0,120.0,1.2,94.0,40;42;3;0;91,1;1;2;2;1,322.0,94.0,0.08366239327006042,guided,50.0,2.0
604870.0,small,25.0,5.0,6.0,120.0,1.2,93.0,40;42;3;0;91,1;1;2;2;1,322.0,92.0,0.045346666127443314,guided,50.0,2.0
604870.0,small,25.0,5.0,6.0,120.0,1.2,91.0,40;42;3;0;91,1;1;2;2;1,324.0,91.0,0.031242439057677984,guided,50.0,2.0
3688933.0,small,30.0,5.0,7.0,140.0,1.2,140.0,57;16;57;18;71,3;3;2;3;2,820.0,124.0,0.4227278036996722,guided,50.0,2.0
3688933.0,small,30.0,5.0,7.0,140.0,1.2,123.0,57;16;57;18;71,3;3;2;3;2,822.0,123.0,0.4122593542560935,guided,50.0,2.0
3688933.0,small,30.0,5.0,7.0,140.0,1.2,122.0,57;16;57;18;71,3;3;2;3;2,827.0,122.0,0.39723962591961026,guided,50.0,2.0
3688933.0,small,30.0,5.0,7.0,140.0,1.2,121.0,57;16;57;18;71,3;3;2;3;2,832.0,121.0,0.3713761027902365,guided,50.0,2.0
3688933.0,small,30.0,5.0,7.0,140.0,1.2,120.0,57;16;57;18;71,3;3;2;3;2,839.0,104.0,0.35170761379413307,guided,50.0,2.0
3688933.0,small,30.0,5.0,7.0,140.0,1.2,103.0,57;16;57;18;71,3;3;2;3;2,846.0,103.0,0.3424246890936047,guided,50.0,2.0
3688933.0,small,30.0,5.0,7.0,140.0,1.2,102.0,57;16;57;18;71,3;3;2;3;2,853.0,102.0,0.3443599028978497,guided,50.0,2.0
3688933.0,small,30.0,5.0,7.0,140.0,1.2,101.0,57;16;57;18;71,3;3;2;3;2,860.0,101.0,0.32477235118858516,guided,50.0,2.0
3688933.0,small,30.0,5.0,7.0,140.0,1.2,100.0,57;16;57;18;71,3;3;2;3;2,867.0,88.0,0.30351723125204444,guided,50.0,2.0
3688933.0,small,30.0,5.0,7.0,140.0,1.2,87.0,57;16;57;18;71,3;3;2;3;2,871.0,87.0,0.2886859350837767,guided,50.0,2.0
3688933.0,small,30.0,5.0,7.0,140.0,1.2,86.0,57;16;57;18;71,3;3;2;3;2,875.0,86.0,0.27674689004197717,guided,50.0,2.0
3688933.0,small,30.0,5.0,7.0,140.0,1.2,85.0,57;16;57;18;71,3;3;2;3;2,875.0,85.0,0.24836048390716314,guided,50.0,2.0
3688933.0,small,30.0,5.0,7.0,140.0,1.2,84.0,57;16;57;18;71,3;3;2;3;2,879.0,84.0,0.23091139225289226,guided,50.0,2.0
3688933.0,small,30.0,5.0,7.0,140.0,1.2,83.0,57;16;57;18;71,3;3;2;3;2,894.0,83.0,0.22061880212277174,guided,50.0,2.0
3688933.0,small,30.0,5.0,7.0,140.0,1.2,82.0,57;16;57;18;71,3;3;2;3;2,905.0,82.0,0.2080028608907014,guided,50.0,2.0
3688933.0,small,30.0,5.0,7.0,140.0,1.2,81.0,57;16;57;18;71,3;3;2;3;2,916.0,81.0,0.18183518387377262,guided,50.0,2.0
3688933.0,small,30.0,5.0,7.0,140.0,1.2,80.0,57;16;57;18;71,3;3;2;3;2,927.0,80.0,0.16725452220998704,guided,50.0,2.0
3688933.0,small,30.0,5.0,7.0,140.0,1.2,79.0,57;16;57;18;71,3;3;2;3;2,931.0,79.0,0.15578053891658783,guided,50.0,2.0
3688933.0,small,30.0,5.0,7.0,140.0,1.2,78.0,57;16;57;18;71,3;3;2;3;2,935.0,78.0,0.14397284435108304,guided,50.0,2.0
3688933.0,small,30.0,5.0,7.0,140.0,1.2,77.0,57;16;57;18;71,3;3;2;3;2,939.0,77.0,0.13237165892496705,guided,50.0,2.0
3688933.0,small,30.0,5.0,7.0,140.0,1.2,76.0,57;16;57;18;71,3;3;2;3;2,943.0,75.0,0.10798341501504183,guided,50.0,2.0
3688933.0,small,30.0,5.0,7.0,140.0,1.2,74.0,57;16;57;18;71,3;3;2;3;2,943.0,74.0,0.08587318519130349,guided,50.0,2.0
3688933.0,small,30.0,5.0,7.0,140.0,1.2,73.0,57;16;57;18;71,3;3;2;3;2,943.0,73.0,0.07200346002355218,guided,50.0,2.0
3688933.0,small,30.0,5.0,7.0,140.0,1.2,72.0,57;16;57;18;71,3;3;2;3;2,943.0,72.0,0.04931667842902243,guided,50.0,2.0
3688933.0,small,30.0,5.0,7.0,140.0,1.2,71.0,57;16;57;18;71,3;3;2;3;2,947.0,71.0,0.026049467269331217,guided,50.0,2.0
2015436.0,small,29.0,5.0,6.0,120.0,1.2,120.0,0;97;9;99;0,3;1;2;1;3,384.0,120.0,0.6730542492587119,guided,50.0,2.0
2015436.0,small,29.0,5.0,6.0,120.0,1.2,119.0,0;97;9;99;0,3;1;2;1;3,386.0,119.0,0.6549532329663634,guided,50.0,2.0
2015436.0,small,29.0,5.0,6.0,120.0,1.2,118.0,0;97;9;99;0,3;1;2;1;3,390.0,118.0,0.6427992230746895,guided,50.0,2.0
2015436.0,small,29.0,5.0,6.0,120.0,1.2,117.0,0;97;9;99;0,3;1;2;1;3,394.0,117.0,0.623763051815331,guided,50.0,2.0
2015436.0,small,29.0,5.0,6.0,120.0,1.2,116.0,0;97;9;99;0,3;1;2;1;3,398.0,113.0,0.6093960059806705,guided,50.0,2.0
2015436.0,small,29.0,5.0,6.0,120.0,1.2,112.0,0;97;9;99;0,3;1;2;1;3,422.0,112.0,0.37473094486631453,guided,50.0,2.0
2015436.0,small,29.0,5.0,6.0,120.0,1.2,111.0,0;97;9;99;0,3;1;2;1;3,422.0,111.0,0.3634178738575429,guided,50.0,2.0
2015436.0,small,29.0,5.0,6.0,120.0,1.2,110.0,0;97;9;99;0,3;1;2;1;3,422.0,110.0,0.3438160540536046,guided,50.0,2.0
2015436.0,small,29.0,5.0,6.0,120.0,1.2,109.0,0;97;9;99;0,3;1;2;1;3,422.0,109.0,0.3463511692825705,guided,50.0,2.0
2015436.0,small,29.0,5.0,6.0,120.0,1.2,108.0,0;97;9;99;0,3;1;2;1;3,424.0,108.0,0.3295969448518008,guided,50.0,2.0
2015436.0,small,29.0,5.0,6.0,120.0,1.2,107.0,0;97;9;99;0,3;1;2;1;3,422.0,107.0,0.32284277002327144,guided,50.0,2.0
2015436.0,small,29.0,5.0,6.0,120.0,1.2,106.0,0;97;9;99;0,3;1;2;1;3,422.0,106.0,0.3159277888480574,guided,50.0,2.0
2015436.0,small,29.0,5.0,6.0,120.0,1.2,105.0,0;97;9;99;0,3;1;2;1;3,424.0,105.0,0.2912273770198226,guided,50.0,2.0
2015436.0,small,29.0,5.0,6.0,120.0,1.2,104.0,0;97;9;99;0,3;1;2;1;3,428.0,104.0,0.2771452902816236,guided,50.0,2.0
2015436.0,small,29.0,5.0,6.0,120.0,1.2,103.0,0;97;9;99;0,3;1;2;1;3,434.0,103.0,0.24257412599399686,guided,50.0,2.0
2015436.0,small,29.0,5.0,6.0,120.0,1.2,102.0,0;97;9;99;0,3;1;2;1;3,440.0,102.0,0.23299999302253127,guided,50.0,2.0
2015436.0,small,29.0,5.0,6.0,120.0,1.2,101.0,0;97;9;99;0,3;1;2;1;3,446.0,101.0,0.1996429064311087,guided,50.0,2.0
2015436.0,small,29.0,5.0,6.0,120.0,1.2,100.0,0;97;9;99;0,3;1;2;1;3,452.0,100.0,0.15652242116630077,guided,50.0,2.0
2015436.0,small,29.0,5.0,6.0,120.0,1.2,99.0,0;97;9;99;0,3;1;2;1;3,456.0,99.0,0.07852222793735564,guided,50.0,2.0
2816831.0,small,38.0,5.0,6.0,120.0,1.2,120.0,40;39;49;57;42,3;3;3;2;3,921.0,104.0,0.33479468198493123,guided,50.0,2.0
2816831.0,small,38.0,5.0,6.0,120.0,1.2,103.0,40;39;49;57;42,3;3;3;2;3,929.0,103.0,0.26198971807025373,guided,50.0,2.0
2816831.0,small,38.0,5.0,6.0,120.0,1.2,102.0,40;39;49;57;42,3;3;3;2;3,940.0,102.0,0.2516182630788535,guided,50.0,2.0
2816831.0,small,38.0,5.0,6.0,120.0,1.2,101.0,40;39;49;57;42,3;3;3;2;3,954.0,101.0,0.2354243420995772,guided,50.0,2.0
2816831.0,small,38.0,5.0,6.0,120.0,1.2,100.0,40;39;49;57;42,3;3;3;2;3,968.0,84.0,0.22626348678022623,guided,50.0,2.0
2816831.0,small,38.0,5.0,6.0,120.0,1.2,83.0,40;39;49;57;42,3;3;3;2;3,982.0,83.0,0.21917176572605968,guided,50.0,2.0
2816831.0,small,38.0,5.0,6.0,120.0,1.2,82.0,40;39;49;57;42,3;3;3;2;3,996.0,82.0,0.19708042917773128,guided,50.0,2.0
2816831.0,small,38.0,5.0,6.0,120.0,1.2,81.0,40;39;49;57;42,3;3;3;2;3,1010.0,81.0,0.18990759807638824,guided,50.0,2.0
2816831.0,small,38.0,5.0,6.0,120.0,1.2,80.0,40;39;49;57;42,3;3;3;2;3,1024.0,69.0,0.1891382890753448,guided,50.0,2.0
2816831.0,small,38.0,5.0,6.0,120.0,1.2,68.0,40;39;49;57;42,3;3;3;2;3,1028.0,68.0,0.12243548803962767,guided,50.0,2.0
2816831.0,small,38.0,5.0,6.0,120.0,1.2,67.0,40;39;49;57;42,3;3;3;2;3,1032.0,67.0,0.10438284021802247,guided,50.0,2.0
2816831.0,small,38.0,5.0,6.0,120.0,1.2,66.0,40;39;49;57;42,3;3;3;2;3,1036.0,66.0,0.08668667101301253,guided,50.0,2.0
2816831.0,small,38.0,5.0,6.0,120.0,1.2,65.0,40;39;49;57;42,3;3;3;2;3,1040.0,65.0,0.08420842816121876,guided,50.0,2.0
2816831.0,small,38.0,5.0,6.0,120.0,1.2,64.0,40;39;49;57;42,3;3;3;2;3,1044.0,64.0,0.07952295546419919,guided,50.0,2.0
2816831.0,small,38.0,5.0,6.0,120.0,1.2,63.0,40;39;49;57;42,3;3;3;2;3,1062.0,63.0,0.0684262637514621,guided,50.0,2.0
2816831.0,small,38.0,5.0,6.0,120.0,1.2,62.0,40;39;49;57;42,3;3;3;2;3,1080.0,62.0,0.04286869405768812,guided,50.0,2.0
2816831.0,small,38.0,5.0,6.0,120.0,1.2,61.0,40;39;49;57;42,3;3;3;2;3,1098.0,61.0,0.039576161885634065,guided,50.0,2.0
2816831.0,small,38.0,5.0,6.0,120.0,1.2,60.0,40;39;49;57;42,3;3;3;2;3,1122.0,60.0,0.03604937996715307,guided,50.0,2.0
2816831.0,small,38.0,5.0,6.0,120.0,1.2,59.0,40;39;49;57;42,3;3;3;2;3,1132.0,59.0,0.03261109930463135,guided,50.0,2.0
2816831.0,small,38.0,5.0,6.0,120.0,1.2,58.0,40;39;49;57;42,3;3;3;2;3,1142.0,58.0,0.02920835022814572,guided,50.0,2.0
2816831.0,small,38.0,5.0,6.0,120.0,1.2,57.0,40;39;49;57;42,3;3;3;2;3,1152.0,57.0,0.025747711304575205,guided,50.0,2.0
5732413.0,small,38.0,5.0,5.0,100.0,1.2,100.0,34;97;9;73;49,2;1;3;1;1,551.0,100.0,0.362078576348722,guided,50.0,2.0
5732413.0,small,38.0,5.0,5.0,100.0,1.2,99.0,34;97;9;73;49,2;1;3;1;1,553.0,99.0,0.36640319181606174,guided,50.0,2.0
5732413.0,small,38.0,5.0,5.0,100.0,1.2,98.0,34;97;9;73;49,2;1;3;1;1,555.0,98.0,0.32441040710546076,guided,50.0,2.0
5732413.0,small,38.0,5.0,5.0,100.0,1.2,97.0,34;97;9;73;49,2;1;3;1;1,557.0,97.0,0.27819973579607904,guided,50.0,2.0
9573078.0,small,33.0,5.0,5.0,100.0,1.2,100.0,21;0;94;70;32,2;3;1;1;2,476.0,100.0,0.5618298840709031,guided,50.0,2.0
9573078.0,small,33.0,5.0,5.0,100.0,1.2,99.0,21;0;94;70;32,2;3;1;1;2,478.0,99.0,0.5340155591256917,guided,50.0,2.0
9573078.0,small,33.0,5.0,5.0,100.0,1.2,98.0,21;0;94;70;32,2;3;1;1;2,480.0,98.0,0.5137923271395266,guided,50.0,2.0
9573078.0,small,33.0,5.0,5.0,100.0,1.2,97.0,21;0;94;70;32,2;3;1;1;2,482.0,97.0,0.5015479896683246,guided,50.0,2.0
9573078.0,small,33.0,5.0,5.0,100.0,1.2,96.0,21;0;94;70;32,2;3;1;1;2,484.0,96.0,0.48727022111415863,guided,50.0,2.0
9573078.0,small,33.0,5.0,5.0,100.0,1.2,95.0,21;0;94;70;32,2;3;1;1;2,484.0,95.0,0.4847133511211723,guided,50.0,2.0
9573078.0,small,33.0,5.0,5.0,100.0,1.2,94.0,21;0;94;70;32,2;3;1;1;2,484.0,94.0,0.478918326087296,guided,50.0,2.0
1488016.0,small,32.0,5.0,5.0,100.0,1.2,100.0,17;22;16;95;51,3;2;2;1;2,542.0,100.0,0.20449923095293343,guided,50.0,2.0
1488016.0,small,32.0,5.0,5.0,100.0,1.2,99.0,17;22;16;95;51,3;2;2;1;2,544.0,99.0,0.16307861893437803,guided,50.0,2.0
1488016.0,small,32.0,5.0,5.0,100.0,1.2,98.0,17;22;16;95;51,3;2;2;1;2,546.0,98.0,0.16764261038042605,guided,50.0,2.0
1488016.0,small,32.0,5.0,5.0,100.0,1.2,97.0,17;22;16;95;51,3;2;2;1;2,548.0,97.0,0.14288666401989758,guided,50.0,2.0
1488016.0,small,32.0,5.0,5.0,100.0,1.2,96.0,17;22;16;95;51,3;2;2;1;2,550.0,96.0,0.11975070834159851,guided,50.0,2.0
1488016.0,small,32.0,5.0,5.0,100.0,1.2,95.0,17;22;16;95;51,3;2;2;1;2,550.0,95.0,0.0816775478888303,guided,50.0,2.0
943945.0,small,28.0,5.0,4.0,80.0,1.2,80.0,56;40;17;20;46,1;1;3;1;1,343.0,68.0,0.12204658496193588,guided,50.0,2.0
943945.0,small,28.0,5.0,4.0,80.0,1.2,67.0,56;40;17;20;46,1;1;3;1;1,345.0,67.0,0.05432769376784563,guided,50.0,2.0
943945.0,small,28.0,5.0,4.0,80.0,1.2,66.0,56;40;17;20;46,1;1;3;1;1,347.0,66.0,0.03747614077292383,guided,50.0,2.0
943945.0,small,28.0,5.0,4.0,80.0,1.2,65.0,56;40;17;20;46,1;1;3;1;1,349.0,65.0,0.03050355613231659,guided,50.0,2.0
943945.0,small,28.0,5.0,4.0,80.0,1.2,64.0,56;40;17;20;46,1;1;3;1;1,351.0,64.0,0.02850390481762588,guided,50.0,2.0
943945.0,small,28.0,5.0,4.0,80.0,1.2,63.0,56;40;17;20;46,1;1;3;1;1,356.0,63.0,0.026451725279912353,guided,50.0,2.0
943945.0,small,28.0,5.0,4.0,80.0,1.2,62.0,56;40;17;20;46,1;1;3;1;1,361.0,62.0,0.024776088073849678,guided,50.0,2.0
943945.0,small,28.0,5.0,4.0,80.0,1.2,61.0,56;40;17;20;46,1;1;3;1;1,366.0,61.0,0.022785671055316925,guided,50.0,2.0
943945.0,small,28.0,5.0,4.0,80.0,1.2,60.0,56;40;17;20;46,1;1;3;1;1,371.0,60.0,0.020675723208114505,guided,50.0,2.0
943945.0,small,28.0,5.0,4.0,80.0,1.2,59.0,56;40;17;20;46,1;1;3;1;1,373.0,59.0,0.018690638942644,guided,50.0,2.0
943945.0,small,28.0,5.0,4.0,80.0,1.2,58.0,56;40;17;20;46,1;1;3;1;1,375.0,58.0,0.01662225555628538,guided,50.0,2.0
943945.0,small,28.0,5.0,4.0,80.0,1.2,57.0,56;40;17;20;46,1;1;3;1;1,379.0,57.0,0.014792048139497638,guided,50.0,2.0
943945.0,small,28.0,5.0,4.0,80.0,1.2,56.0,56;40;17;20;46,1;1;3;1;1,383.0,56.0,0.012789517408236861,guided,50.0,2.0
298689.0,small,32.0,5.0,7.0,140.0,1.2,140.0,97;15;97;27;12,1;3;1;2;2,522.0,131.0,0.7111416291445494,guided,50.0,2.0
298689.0,small,32.0,5.0,7.0,140.0,1.2,130.0,97;15;97;27;12,1;3;1;2;2,538.0,130.0,0.6940541320946068,guided,50.0,2.0
298689.0,small,32.0,5.0,7.0,140.0,1.2,129.0,97;15;97;27;12,1;3;1;2;2,534.0,129.0,0.7356874062679708,guided,50.0,2.0
298689.0,small,32.0,5.0,7.0,140.0,1.2,128.0,97;15;97;27;12,1;3;1;2;2,534.0,128.0,0.7196258590556681,guided,50.0,2.0
298689.0,small,32.0,5.0,7.0,140.0,1.2,127.0,97;15;97;27;12,1;3;1;2;2,532.0,127.0,0.7089314986951649,guided,50.0,2.0
298689.0,small,32.0,5.0,7.0,140.0,1.2,126.0,97;15;97;27;12,1;3;1;2;2,536.0,126.0,0.6867028600536287,guided,50.0,2.0
298689.0,small,32.0,5.0,7.0,140.0,1.2,125.0,97;15;97;27;12,1;3;1;2;2,538.0,125.0,0.6559314872138202,guided,50.0,2.0
298689.0,small,32.0,5.0,7.0,140.0,1.2,124.0,97;15;97;27;12,1;3;1;2;2,538.0,124.0,0.6391049481462687,guided,50.0,2.0
298689.0,small,32.0,5.0,7.0,140.0,1.2,123.0,97;15;97;27;12,1;3;1;2;2,544.0,123.0,0.6252848571166396,guided,50.0,2.0
298689.0,small,32.0,5.0,7.0,140.0,1.2,122.0,97;15;97;27;12,1;3;1;2;2,546.0,122.0,0.5969870737753808,guided,50.0,2.0
298689.0,small,32.0,5.0,7.0,140.0,1.2,121.0,97;15;97;27;12,1;3;1;2;2,536.0,121.0,0.6249682218767703,guided,50.0,2.0
298689.0,small,32.0,5.0,7.0,140.0,1.2,120.0,97;15;97;27;12,1;3;1;2;2,536.0,120.0,0.6046895100735128,guided,50.0,2.0
298689.0,small,32.0,5.0,7.0,140.0,1.2,119.0,97;15;97;27;12,1;3;1;2;2,540.0,119.0,0.5686815620865673,guided,50.0,2.0
298689.0,small,32.0,5.0,7.0,140.0,1.2,118.0,97;15;97;27;12,1;3;1;2;2,544.0,118.0,0.5543939222116023,guided,50.0,2.0
298689.0,small,32.0,5.0,7.0,140.0,1.2,117.0,97;15;97;27;12,1;3;1;2;2,546.0,117.0,0.540478426264599,guided,50.0,2.0
298689.0,small,32.0,5.0,7.0,140.0,1.2,116.0,97;15;97;27;12,1;3;1;2;2,550.0,112.0,0.5315784211270511,guided,50.0,2.0
298689.0,small,32.0,5.0,7.0,140.0,1.2,111.0,97;15;97;27;12,1;3;1;2;2,576.0,111.0,0.32669281819835305,guided,50.0,2.0
298689.0,small,32.0,5.0,7.0,140.0,1.2,110.0,97;15;97;27;12,1;3;1;2;2,576.0,110.0,0.3166484930552542,guided,50.0,2.0
298689.0,small,32.0,5.0,7.0,140.0,1.2,109.0,97;15;97;27;12,1;3;1;2;2,576.0,109.0,0.3131526499055326,guided,50.0,2.0
298689.0,small,32.0,5.0,7.0,140.0,1.2,108.0,97;15;97;27;12,1;3;1;2;2,576.0,108.0,0.30440091784112155,guided,50.0,2.0
298689.0,small,32.0,5.0,7.0,140.0,1.2,107.0,97;15;97;27;12,1;3;1;2;2,576.0,107.0,0.3027521828189492,guided,50.0,2.0
298689.0,small,32.0,5.0,7.0,140.0,1.2,106.0,97;15;97;27;12,1;3;1;2;2,576.0,106.0,0.27399739623069763,guided,50.0,2.0
298689.0,small,32.0,5.0,7.0,140.0,1.2,105.0,97;15;97;27;12,1;3;1;2;2,578.0,105.0,0.2705310813616961,guided,50.0,2.0
298689.0,small,32.0,5.0,7.0,140.0,1.2,104.0,97;15;97;27;12,1;3;1;2;2,582.0,104.0,0.2552716862410307,guided,50.0,2.0
298689.0,small,32.0,5.0,7.0,140.0,1.2,103.0,97;15;97;27;12,1;3;1;2;2,588.0,103.0,0.2364033809863031,guided,50.0,2.0
298689.0,small,32.0,5.0,7.0,140.0,1.2,102.0,97;15;97;27;12,1;3;1;2;2,594.0,102.0,0.1964455379638821,guided,50.0,2.0
298689.0,small,32.0,5.0,7.0,140.0,1.2,101.0,97;15;97;27;12,1;3;1;2;2,600.0,101.0,0.16455292678438127,guided,50.0,2.0
298689.0,small,32.0,5.0,7.0,140.0,1.2,100.0,97;15;97;27;12,1;3;1;2;2,606.0,100.0,0.15963333379477262,guided,50.0,2.0
298689.0,small,32.0,5.0,7.0,140.0,1.2,99.0,97;15;97;27;12,1;3;1;2;2,610.0,99.0,0.11314440704882145,guided,50.0,2.0
298689.0,small,32.0,5.0,7.0,140.0,1.2,98.0,97;15;97;27;12,1;3;1;2;2,614.0,98.0,0.09760658699087799,guided,50.0,2.0
298689.0,small,32.0,5.0,7.0,140.0,1.2,97.0,97;15;97;27;12,1;3;1;2;2,618.0,97.0,0.05117070395499468,guided,50.0,2.0
2693421.0,small,30.0,5.0,4.0,80.0,1.2,80.0,23;69;73;26;31,3;2;2;3;3,915.0,80.0,0.020508899120613933,guided,50.0,2.0
2693421.0,small,30.0,5.0,4.0,80.0,1.2,79.0,23;69;73;26;31,3;2;2;3;3,919.0,79.0,0.01947331498377025,guided,50.0,2.0
2693421.0,small,30.0,5.0,4.0,80.0,1.2,78.0,23;69;73;26;31,3;2;2;3;3,927.0,78.0,0.0183981922455132,guided,50.0,2.0
2693421.0,small,30.0,5.0,4.0,80.0,1.2,77.0,23;69;73;26;31,3;2;2;3;3,935.0,77.0,0.017162809381261468,guided,50.0,2.0
2693421.0,small,30.0,5.0,4.0,80.0,1.2,76.0,23;69;73;26;31,3;2;2;3;3,943.0,73.0,0.015884904889389873,guided,50.0,2.0
