instance_uid,instance_id,origin,family,role,split,M,N,K,seed,p_min,p_max,p_mean,p_variance,e_min,e_max,e_mean,e_variance,c_min,c_max,c_mean,c_variance,data_p_path,data_e_path,data_c_path
syn_vls_m25_n250_k350_s20261420,100001,synthetic_vls,generated_vls,train_or_val,train,25,250,350,20261420,1,12,6.24,12.2944,1,6,3.52,2.0896,1,8,4.414285714285715,5.328367346938776,synthetic_instances/Data_p100001.txt,synthetic_instances/Data_e100001.txt,synthetic_instances/Data_c100001.txt
syn_vls_m25_n250_k350_s20261421,100002,synthetic_vls,generated_vls,train_or_val,train,25,250,350,20261421,1,12,6.492,12.073936,1,6,3.52,2.8896,1,8,4.485714285714286,4.615510204081633,synthetic_instances/Data_p100002.txt,synthetic_instances/Data_e100002.txt,synthetic_instances/Data_c100002.txt
syn_vls_m25_n250_k350_s20261422,100003,synthetic_vls,generated_vls,train_or_val,val,25,250,350,20261422,1,12,6.504,12.457984,1,6,3.08,2.3136,1,8,4.408571428571428,5.578783673469387,synthetic_instances/Data_p100003.txt,synthetic_instances/Data_e100003.txt,synthetic_instances/Data_c100003.txt
syn_vls_m25_n250_k350_s20261423,100004,synthetic_vls,generated_vls,train_or_val,train,25,250,350,20261423,1,12,6.34,11.8244,1,6,3.4,3.68,1,8,4.208571428571428,4.810783673469388,synthetic_instances/Data_p100004.txt,synthetic_instances/Data_e100004.txt,synthetic_instances/Data_c100004.txt
syn_vls_m25_n250_k350_s20261424,100005,synthetic_vls,generated_vls,train_or_val,train,25,250,350,20261424,1,12,6.712,11.365056,1,6,2.96,2.9984,1,8,4.517142857142857,5.141134693877551,synthetic_instances/Data_p100005.txt,synthetic_instances/Data_e100005.txt,synthetic_instances/Data_c100005.txt
syn_vls_m25_n250_k350_s20261425,100006,synthetic_vls,generated_vls,train_or_val,train,25,250,350,20261425,1,12,6.88,11.3776,1,6,3.6,2.96,1,8,4.477142857142857,5.243763265306122,synthetic_instances/Data_p100006.txt,synthetic_instances/Data_e100006.txt,synthetic_instances/Data_c100006.txt
syn_vls_m25_n250_k500_s20262420,100007,synthetic_vls,generated_vls,train_or_val,train,25,250,500,20262420,1,12,6.216,11.745344,1,6,3.32,3.8176,1,8,4.508,5.213936,synthetic_instances/Data_p100007.txt,synthetic_instances/Data_e100007.txt,synthetic_instances/Data_c100007.txt
syn_vls_m25_n250_k500_s20262421,100008,synthetic_vls,generated_vls,train_or_val,train,25,250,500,20262421,1,12,6.44,12.7824,1,6,3.44,1.9264,1,8,4.394,5.574764,synthetic_instances/Data_p100008.txt,synthetic_instances/Data_e100008.txt,synthetic_instances/Data_c100008.txt
syn_vls_m25_n250_k500_s20262422,100009,synthetic_vls,generated_vls,train_or_val,train,25,250,500,20262422,1,12,6.58,11.6756,1,6,4.16,1.9744,1,8,4.462,5.112556,synthetic_instances/Data_p100009.txt,synthetic_instances/Data_e100009.txt,synthetic_instances/Data_c100009.txt
syn_vls_m25_n250_k500_s20262423,100010,synthetic_vls,generated_vls,train_or_val,val,25,250,500,20262423,1,12,6.68,13.2016,1,6,3.8,2.56,1,8,4.396,5.135184,synthetic_instances/Data_p100010.txt,synthetic_instances/Data_e100010.txt,synthetic_instances/Data_c100010.txt
syn_vls_m25_n250_k500_s20262424,100011,synthetic_vls,generated_vls,train_or_val,train,25,250,500,20262424,1,12,6.632,11.568576,1,6,3.96,2.6784,1,8,4.608,5.406336,synthetic_instances/Data_p100011.txt,synthetic_instances/Data_e100011.txt,synthetic_instances/Data_c100011.txt
syn_vls_m25_n250_k500_s20262425,100012,synthetic_vls,generated_vls,train_or_val,train,25,250,500,20262425,1,12,6.44,11.8864,1,6,3.08,3.0336,1,8,4.448,4.975296,synthetic_instances/Data_p100012.txt,synthetic_instances/Data_e100012.txt,synthetic_instances/Data_c100012.txt
syn_vls_m25_n300_k350_s20263420,100013,synthetic_vls,generated_vls,train_or_val,train,25,300,350,20263420,1,12,6.24,12.089066666666668,1,6,3.44,3.2864,1,8,4.474285714285714,4.969338775510204,synthetic_instances/Data_p100013.txt,synthetic_instances/Data_e100013.txt,synthetic_instances/Data_c100013.txt
syn_vls_m25_n300_k350_s20263421,100014,synthetic_vls,generated_vls,train_or_val,train,25,300,350,20263421,1,12,6.383333333333334,12.603055555555555,1,6,3.84,2.6144,1,8,4.362857142857143,5.305477551020408,synthetic_instances/Data_p100014.txt,synthetic_instances/Data_e100014.txt,synthetic_instances/Data_c100014.txt
syn_vls_m25_n300_k350_s20263422,100015,synthetic_vls,generated_vls,train_or_val,train,25,300,350,20263422,1,12,6.49,11.223233333333333,1,6,3.64,3.1904,1,8,4.488571428571428,5.415583673469388,synthetic_instances/Data_p100015.txt,synthetic_instances/Data_e100015.txt,synthetic_instances/Data_c100015.txt
syn_vls_m25_n300_k350_s20263423,100016,synthetic_vls,generated_vls,train_or_val,val,25,300,350,20263423,1,12,6.71,11.572566666666667,1,6,3.32,3.3376,1,8,4.354285714285714,5.4173387755102045,synthetic_instances/Data_p100016.txt,synthetic_instances/Data_e100016.txt,synthetic_instances/Data_c100016.txt
syn_vls_m25_n300_k350_s20263424,100017,synthetic_vls,generated_vls,train_or_val,train,25,300,350,20263424,1,12,6.38,11.428933333333333,1,6,3.2,2.88,1,8,4.514285714285714,5.415510204081633,synthetic_instances/Data_p100017.txt,synthetic_instances/Data_e100017.txt,synthetic_instances/Data_c100017.txt
syn_vls_m25_n300_k350_s20263425,100018,synthetic_vls,generated_vls,train_or_val,train,25,300,350,20263425,1,12,6.543333333333333,12.134788888888888,1,6,3.96,2.9984,1,8,4.248571428571428,5.078212244897959,synthetic_instances/Data_p100018.txt,synthetic_instances/Data_e100018.txt,synthetic_instances/Data_c100018.txt
syn_vls_m25_n300_k500_s20264420,100019,synthetic_vls,generated_vls,train_or_val,train,25,300,500,20264420,1,12,6.52,11.822933333333333,1,6,3.68,1.9776,1,8,4.532,5.224976,synthetic_instances/Data_p100019.txt,synthetic_instances/Data_e100019.txt,synthetic_instances/Data_c100019.txt
syn_vls_m25_n300_k500_s20264421,100020,synthetic_vls,generated_vls,train_or_val,train,25,300,500,20264421,1,12,6.803333333333334,11.824655555555555,1,6,3.8,2.8,1,8,4.484,5.465744,synthetic_instances/Data_p100020.txt,synthetic_instances/Data_e100020.txt,synthetic_instances/Data_c100020.txt
syn_vls_m25_n300_k500_s20264422,100021,synthetic_vls,generated_vls,train_or_val,train,25,300,500,20264422,1,12,6.63,11.726433333333333,1,6,3.16,1.8944,1,8,4.616,4.892544,synthetic_instances/Data_p100021.txt,synthetic_instances/Data_e100021.txt,synthetic_instances/Data_c100021.txt
syn_vls_m25_n300_k500_s20264423,100022,synthetic_vls,generated_vls,train_or_val,val,25,300,500,20264423,1,12,6.6866666666666665,12.708488888888889,1,6,3.68,3.0176,1,8,4.4,5.44,synthetic_instances/Data_p100022.txt,synthetic_instances/Data_e100022.txt,synthetic_instances/Data_c100022.txt
syn_vls_m25_n300_k500_s20264424,100023,synthetic_vls,generated_vls,train_or_val,train,25,300,500,20264424,1,12,6.86,11.547066666666666,1,6,3.76,3.0624,1,8,4.392,5.214336,synthetic_instances/Data_p100023.txt,synthetic_instances/Data_e100023.txt,synthetic_instances/Data_c100023.txt
syn_vls_m25_n300_k500_s20264425,100024,synthetic_vls,generated_vls,train_or_val,train,25,300,500,20264425,1,12,6.466666666666667,12.455555555555556,1,6,3.32,3.1776,1,8,4.564,5.149904,synthetic_instances/Data_p100024.txt,synthetic_instances/Data_e100024.txt,synthetic_instances/Data_c100024.txt
syn_vls_m25_n350_k350_s20265420,100025,synthetic_vls,generated_vls,train_or_val,train,25,350,350,20265420,1,12,6.2,12.24,1,6,3.68,2.9376,1,8,4.482857142857143,4.912563265306122,synthetic_instances/Data_p100025.txt,synthetic_instances/Data_e100025.txt,synthetic_instances/Data_c100025.txt
syn_vls_m25_n350_k350_s20265421,100026,synthetic_vls,generated_vls,train_or_val,train,25,350,350,20265421,1,12,6.491428571428571,12.787069387755102,1,6,3.56,3.2064,1,8,4.32,5.640457142857143,synthetic_instances/Data_p100026.txt,synthetic_instances/Data_e100026.txt,synthetic_instances/Data_c100026.txt
syn_vls_m25_n350_k350_s20265422,100027,synthetic_vls,generated_vls,train_or_val,train,25,350,350,20265422,1,12,6.411428571428571,12.059297959183674,1,6,3.84,1.8144,1,8,4.485714285714286,4.87265306122449,synthetic_instances/Data_p100027.txt,synthetic_instances/Data_e100027.txt,synthetic_instances/Data_c100027.txt
syn_vls_m25_n350_k350_s20265423,100028,synthetic_vls,generated_vls,train_or_val,train,25,350,350,20265423,1,12,6.682857142857143,11.60513469387755,1,6,3.8,2.32,1,8,4.385714285714286,5.328367346938776,synthetic_instances/Data_p100028.txt,synthetic_instances/Data_e100028.txt,synthetic_instances/Data_c100028.txt
syn_vls_m25_n350_k350_s20265424,100029,synthetic_vls,generated_vls,train_or_val,train,25,350,350,20265424,1,12,6.511428571428572,11.43844081632653,1,6,3.6,3.12,1,8,4.614285714285714,5.511224489795918,synthetic_instances/Data_p100029.txt,synthetic_instances/Data_e100029.txt,synthetic_instances/Data_c100029.txt
syn_vls_m25_n350_k350_s20265425,100030,synthetic_vls,generated_vls,train_or_val,val,25,350,350,20265425,1,12,6.494285714285715,11.718538775510204,1,6,3.48,3.2896,1,8,4.328571428571428,5.1748979591836735,synthetic_instances/Data_p100030.txt,synthetic_instances/Data_e100030.txt,synthetic_instances/Data_c100030.txt
syn_vls_m25_n350_k500_s20266420,100031,synthetic_vls,generated_vls,train_or_val,val,25,350,500,20266420,1,12,6.671428571428572,12.63204081632653,1,6,3.76,2.5024,1,8,4.518,4.965676,synthetic_instances/Data_p100031.txt,synthetic_instances/Data_e100031.txt,synthetic_instances/Data_c100031.txt
syn_vls_m25_n350_k500_s20266421,100032,synthetic_vls,generated_vls,train_or_val,train,25,350,500,20266421,1,12,6.897142857142857,12.26370612244898,1,6,3.68,3.4176,1,8,4.274,5.306924,synthetic_instances/Data_p100032.txt,synthetic_instances/Data_e100032.txt,synthetic_instances/Data_c100032.txt
syn_vls_m25_n350_k500_s20266422,100033,synthetic_vls,generated_vls,train_or_val,train,25,350,500,20266422,1,12,6.54,12.0484,1,6,3.84,2.9344,1,8,4.54,5.2164,synthetic_instances/Data_p100033.txt,synthetic_instances/Data_e100033.txt,synthetic_instances/Data_c100033.txt
syn_vls_m25_n350_k500_s20266423,100034,synthetic_vls,generated_vls,train_or_val,train,25,350,500,20266423,1,12,6.448571428571428,11.56164081632653,1,6,3.52,2.7296,1,8,4.578,4.675916,synthetic_instances/Data_p100034.txt,synthetic_instances/Data_e100034.txt,synthetic_instances/Data_c100034.txt
syn_vls_m25_n350_k500_s20266424,100035,synthetic_vls,generated_vls,train_or_val,train,25,350,500,20266424,1,12,6.1571428571428575,11.892448979591837,1,6,3.96,2.9184,1,8,4.302,4.886796,synthetic_instances/Data_p100035.txt,synthetic_instances/Data_e100035.txt,synthetic_instances/Data_c100035.txt
syn_vls_m25_n350_k500_s20266425,100036,synthetic_vls,generated_vls,train_or_val,train,25,350,500,20266425,1,12,6.6571428571428575,12.042448979591837,1,6,3.84,2.9344,1,8,4.52,5.3216,synthetic_instances/Data_p100036.txt,synthetic_instances/Data_e100036.txt,synthetic_instances/Data_c100036.txt
syn_vls_m25_n400_k350_s20267420,100037,synthetic_vls,generated_vls,train_or_val,train,25,400,350,20267420,1,12,6.545,11.247975,1,6,3.48,2.6496,1,8,4.454285714285715,5.099338775510204,synthetic_instances/Data_p100037.txt,synthetic_instances/Data_e100037.txt,synthetic_instances/Data_c100037.txt
syn_vls_m25_n400_k350_s20267421,100038,synthetic_vls,generated_vls,train_or_val,train,25,400,350,20267421,1,12,6.5525,12.27224375,1,6,3.56,3.0464,1,8,4.602857142857143,5.085134693877551,synthetic_instances/Data_p100038.txt,synthetic_instances/Data_e100038.txt,synthetic_instances/Data_c100038.txt
syn_vls_m25_n400_k350_s20267422,100039,synthetic_vls,generated_vls,train_or_val,train,25,400,350,20267422,1,12,6.27,11.0371,1,6,4.04,2.9184,1,8,4.44,5.229257142857143,synthetic_instances/Data_p100039.txt,synthetic_instances/Data_e100039.txt,synthetic_instances/Data_c100039.txt
syn_vls_m25_n400_k350_s20267423,100040,synthetic_vls,generated_vls,train_or_val,train,25,400,350,20267423,1,12,6.6275,12.38874375,1,6,3.56,3.6864,1,8,4.64,4.9104,synthetic_instances/Data_p100040.txt,synthetic_instances/Data_e100040.txt,synthetic_instances/Data_c100040.txt
syn_vls_m25_n400_k350_s20267424,100041,synthetic_vls,generated_vls,train_or_val,val,25,400,350,20267424,1,12,6.58,12.6186,1,6,3.8,2.32,1,8,4.497142857142857,5.467134693877551,synthetic_instances/Data_p100041.txt,synthetic_instances/Data_e100041.txt,synthetic_instances/Data_c100041.txt
syn_vls_m25_n400_k350_s20267425,100042,synthetic_vls,generated_vls,train_or_val,train,25,400,350,20267425,1,12,6.705,12.612975,1,6,3.08,2.7136,1,8,4.54,5.162685714285714,synthetic_instances/Data_p100042.txt,synthetic_instances/Data_e100042.txt,synthetic_instances/Data_c100042.txt
syn_vls_m25_n400_k500_s20268420,100043,synthetic_vls,generated_vls,train_or_val,train,25,400,500,20268420,1,12,6.6625,11.52859375,1,6,3.0,2.88,1,8,4.512,5.381856,synthetic_instances/Data_p100043.txt,synthetic_instances/Data_e100043.txt,synthetic_instances/Data_c100043.txt
syn_vls_m25_n400_k500_s20268421,100044,synthetic_vls,generated_vls,train_or_val,val,25,400,500,20268421,1,12,6.5,12.445,1,6,3.56,2.9664,1,8,4.394,5.250764,synthetic_instances/Data_p100044.txt,synthetic_instances/Data_e100044.txt,synthetic_instances/Data_c100044.txt
syn_vls_m25_n400_k500_s20268422,100045,synthetic_vls,generated_vls,train_or_val,train,25,400,500,20268422,1,12,6.6575,11.63019375,1,6,2.84,2.0544,1,8,4.502,5.029996,synthetic_instances/Data_p100045.txt,synthetic_instances/Data_e100045.txt,synthetic_instances/Data_c100045.txt
syn_vls_m25_n400_k500_s20268423,100046,synthetic_vls,generated_vls,train_or_val,train,25,400,500,20268423,1,12,6.56,11.8714,1,6,3.24,2.8224,1,8,4.44,5.2664,synthetic_instances/Data_p100046.txt,synthetic_instances/Data_e100046.txt,synthetic_instances/Data_c100046.txt
syn_vls_m25_n400_k500_s20268424,100047,synthetic_vls,generated_vls,train_or_val,train,25,400,500,20268424,1,12,6.49,11.6749,1,6,3.32,3.6576,1,8,4.51,5.0939,synthetic_instances/Data_p100047.txt,synthetic_instances/Data_e100047.txt,synthetic_instances/Data_c100047.txt
syn_vls_m25_n400_k500_s20268425,100048,synthetic_vls,generated_vls,train_or_val,train,25,400,500,20268425,1,12,6.405,11.755975,1,6,4.0,3.36,1,8,4.44,5.7784,synthetic_instances/Data_p100048.txt,synthetic_instances/Data_e100048.txt,synthetic_instances/Data_c100048.txt
syn_vls_m25_n500_k350_s20269420,100049,synthetic_vls,generated_vls,train_or_val,train,25,500,350,20269420,1,12,6.542,11.812236,1,6,3.32,3.1776,1,8,4.365714285714286,5.22625306122449,synthetic_instances/Data_p100049.txt,synthetic_instances/Data_e100049.txt,synthetic_instances/Data_c100049.txt
syn_vls_m25_n500_k350_s20269421,100050,synthetic_vls,generated_vls,train_or_val,train,25,500,350,20269421,1,12,6.51,11.1539,1,6,3.4,3.44,1,8,4.6257142857142854,4.908481632653062,synthetic_instances/Data_p100050.txt,synthetic_instances/Data_e100050.txt,synthetic_instances/Data_c100050.txt
syn_vls_m25_n500_k350_s20269422,100051,synthetic_vls,generated_vls,train_or_val,train,25,500,350,20269422,1,12,6.632,11.648576,1,6,4.12,2.5056,1,8,4.437142857142857,5.566048979591836,synthetic_instances/Data_p100051.txt,synthetic_instances/Data_e100051.txt,synthetic_instances/Data_c100051.txt
syn_vls_m25_n500_k350_s20269423,100052,synthetic_vls,generated_vls,train_or_val,val,25,500,350,20269423,1,12,6.468,11.864976,1,6,3.72,2.4416,1,8,4.668571428571428,5.307297959183673,synthetic_instances/Data_p100052.txt,synthetic_instances/Data_e100052.txt,synthetic_instances/Data_c100052.txt
syn_vls_m25_n500_k350_s20269424,100053,synthetic_vls,generated_vls,train_or_val,train,25,500,350,20269424,1,12,6.688,10.782656,1,6,3.6,3.44,1,8,4.534285714285715,5.243110204081633,synthetic_instances/Data_p100053.txt,synthetic_instances/Data_e100053.txt,synthetic_instances/Data_c100053.txt
syn_vls_m25_n500_k350_s20269425,100054,synthetic_vls,generated_vls,train_or_val,train,25,500,350,20269425,1,12,6.64,12.0864,1,6,3.92,3.4336,1,8,4.305714285714286,5.01225306122449,synthetic_instances/Data_p100054.txt,synthetic_instances/Data_e100054.txt,synthetic_instances/Data_c100054.txt
syn_vls_m25_n500_k500_s20270420,100055,synthetic_vls,generated_vls,train_or_val,train,25,500,500,20270420,1,12,6.68,11.4416,1,6,3.68,3.1776,1,8,4.56,5.2624,synthetic_instances/Data_p100055.txt,synthetic_instances/Data_e100055.txt,synthetic_instances/Data_c100055.txt
syn_vls_m25_n500_k500_s20270421,100056,synthetic_vls,generated_vls,train_or_val,train,25,500,500,20270421,1,12,6.578,11.327916,1,6,3.12,2.5856,1,8,4.56,5.2464,synthetic_instances/Data_p100056.txt,synthetic_instances/Data_e100056.txt,synthetic_instances/Data_c100056.txt
syn_vls_m25_n500_k500_s20270422,100057,synthetic_vls,generated_vls,train_or_val,train,25,500,500,20270422,1,12,6.382,11.580076,1,6,3.36,3.3504,1,8,4.346,5.358284,synthetic_instances/Data_p100057.txt,synthetic_instances/Data_e100057.txt,synthetic_instances/Data_c100057.txt
syn_vls_m25_n500_k500_s20270423,100058,synthetic_vls,generated_vls,train_or_val,train,25,500,500,20270423,1,12,6.774,11.550924,1,6,4.28,3.0016,1,8,4.432,5.141376,synthetic_instances/Data_p100058.txt,synthetic_instances/Data_e100058.txt,synthetic_instances/Data_c100058.txt
syn_vls_m25_n500_k500_s20270424,100059,synthetic_vls,generated_vls,train_or_val,train,25,500,500,20270424,1,12,6.546,11.019884,1,6,3.76,2.5024,1,8,4.488,5.017856,synthetic_instances/Data_p100059.txt,synthetic_instances/Data_e100059.txt,synthetic_instances/Data_c100059.txt
syn_vls_m25_n500_k500_s20270425,100060,synthetic_vls,generated_vls,train_or_val,val,25,500,500,20270425,1,12,6.212,11.907056,1,6,3.16,2.6144,1,8,4.482,5.037676,synthetic_instances/Data_p100060.txt,synthetic_instances/Data_e100060.txt,synthetic_instances/Data_c100060.txt
syn_vls_m30_n250_k350_s20271420,100061,synthetic_vls,generated_vls,train_or_val,train,30,250,350,20271420,1,12,6.224,11.517824,1,6,3.533333333333333,3.048888888888889,1,8,4.7371428571428575,4.999477551020409,synthetic_instances/Data_p100061.txt,synthetic_instances/Data_e100061.txt,synthetic_instances/Data_c100061.txt
syn_vls_m30_n250_k350_s20271421,100062,synthetic_vls,generated_vls,train_or_val,train,30,250,350,20271421,1,12,6.776,12.469824,1,6,3.466666666666667,2.582222222222222,1,8,4.371428571428571,5.319183673469388,synthetic_instances/Data_p100062.txt,synthetic_instances/Data_e100062.txt,synthetic_instances/Data_c100062.txt
syn_vls_m30_n250_k350_s20271422,100063,synthetic_vls,generated_vls,train_or_val,train,30,250,350,20271422,1,12,6.18,11.9796,1,6,3.466666666666667,2.582222222222222,1,8,4.565714285714286,4.748538775510204,synthetic_instances/Data_p100063.txt,synthetic_instances/Data_e100063.txt,synthetic_instances/Data_c100063.txt
syn_vls_m30_n250_k350_s20271423,100064,synthetic_vls,generated_vls,train_or_val,train,30,250,350,20271423,1,12,6.624,12.162624,1,6,3.9,2.8233333333333333,1,8,4.214285714285714,5.414081632653061,synthetic_instances/Data_p100064.txt,synthetic_instances/Data_e100064.txt,synthetic_instances/Data_c100064.txt
syn_vls_m30_n250_k350_s20271424,100065,synthetic_vls,generated_vls,train_or_val,val,30,250,350,20271424,1,12,5.996,12.803984,1,6,3.8333333333333335,2.5388888888888888,1,8,4.485714285714286,5.598367346938775,synthetic_instances/Data_p100065.txt,synthetic_instances/Data_e100065.txt,synthetic_instances/Data_c100065.txt
syn_vls_m30_n250_k350_s20271425,100066,synthetic_vls,generated_vls,train_or_val,train,30,250,350,20271425,1,12,6.86,12.2324,1,6,3.8666666666666667,2.382222222222222,1,8,4.5685714285714285,5.365297959183674,synthetic_instances/Data_p100066.txt,synthetic_instances/Data_e100066.txt,synthetic_instances/Data_c100066.txt
syn_vls_m30_n250_k500_s20272420,100067,synthetic_vls,generated_vls,train_or_val,train,30,250,500,20272420,1,12,6.564,11.261904,1,6,3.3333333333333335,2.8222222222222224,1,8,4.678,5.370316,synthetic_instances/Data_p100067.txt,synthetic_instances/Data_e100067.txt,synthetic_instances/Data_c100067.txt
syn_vls_m30_n250_k500_s20272421,100068,synthetic_vls,generated_vls,train_or_val,val,30,250,500,20272421,1,12,6.52,11.6416,1,6,3.0,3.6666666666666665,1,8,4.426,5.608524,synthetic_instances/Data_p100068.txt,synthetic_instances/Data_e100068.txt,synthetic_instances/Data_c100068.txt
syn_vls_m30_n250_k500_s20272422,100069,synthetic_vls,generated_vls,train_or_val,train,30,250,500,20272422,1,12,6.604,12.423184,1,6,3.4,2.7066666666666666,1,8,4.546,5.175884,synthetic_instances/Data_p100069.txt,synthetic_instances/Data_e100069.txt,synthetic_instances/Data_c100069.txt
syn_vls_m30_n250_k500_s20272423,100070,synthetic_vls,generated_vls,train_or_val,train,30,250,500,20272423,1,12,7.04,11.3424,1,6,3.8333333333333335,2.738888888888889,1,8,4.396,4.911184,synthetic_instances/Data_p100070.txt,synthetic_instances/Data_e100070.txt,synthetic_instances/Data_c100070.txt
syn_vls_m30_n250_k500_s20272424,100071,synthetic_vls,generated_vls,train_or_val,train,30,250,500,20272424,1,12,6.34,12.2564,1,6,3.533333333333333,2.1822222222222223,1,8,4.498,5.221996,synthetic_instances/Data_p100071.txt,synthetic_instances/Data_e100071.txt,synthetic_instances/Data_c100071.txt
syn_vls_m30_n250_k500_s20272425,100072,synthetic_vls,generated_vls,train_or_val,train,30,250,500,20272425,1,12,6.524,12.673424,1,6,4.033333333333333,3.0322222222222224,1,8,4.514,5.121804,synthetic_instances/Data_p100072.txt,synthetic_instances/Data_e100072.txt,synthetic_instances/Data_c100072.txt
syn_vls_m30_n300_k350_s20273420,100073,synthetic_vls,generated_vls,train_or_val,train,30,300,350,20273420,1,12,6.373333333333333,12.220622222222222,1,6,3.6666666666666665,2.2222222222222223,1,8,4.514285714285714,4.809795918367347,synthetic_instances/Data_p100073.txt,synthetic_instances/Data_e100073.txt,synthetic_instances/Data_c100073.txt
syn_vls_m30_n300_k350_s20273421,100074,synthetic_vls,generated_vls,train_or_val,train,30,300,350,20273421,1,12,6.42,11.796933333333333,1,6,3.533333333333333,2.848888888888889,1,8,4.445714285714286,5.029910204081633,synthetic_instances/Data_p100074.txt,synthetic_instances/Data_e100074.txt,synthetic_instances/Data_c100074.txt
syn_vls_m30_n300_k350_s20273422,100075,synthetic_vls,generated_vls,train_or_val,train,30,300,350,20273422,1,12,6.513333333333334,10.63648888888889,1,6,3.7666666666666666,2.2455555555555557,1,8,4.5285714285714285,5.454897959183674,synthetic_instances/Data_p100075.txt,synthetic_instances/Data_e100075.txt,synthetic_instances/Data_c100075.txt
syn_vls_m30_n300_k350_s20273423,100076,synthetic_vls,generated_vls,train_or_val,train,30,300,350,20273423,1,12,6.6,11.126666666666667,1,6,3.6333333333333333,2.0322222222222224,1,8,4.5685714285714285,5.245297959183674,synthetic_instances/Data_p100076.txt,synthetic_instances/Data_e100076.txt,synthetic_instances/Data_c100076.txt
syn_vls_m30_n300_k350_s20273424,100077,synthetic_vls,generated_vls,train_or_val,val,30,300,350,20273424,1,12,6.193333333333333,10.92928888888889,1,6,4.4,2.3066666666666666,1,8,4.7371428571428575,5.028048979591837,synthetic_instances/Data_p100077.txt,synthetic_instances/Data_e100077.txt,synthetic_instances/Data_c100077.txt
syn_vls_m30_n300_k350_s20273425,100078,synthetic_vls,generated_vls,train_or_val,train,30,300,350,20273425,1,12,6.993333333333333,11.89328888888889,1,6,3.7333333333333334,2.462222222222222,1,8,4.345714285714286,5.500481632653061,synthetic_instances/Data_p100078.txt,synthetic_instances/Data_e100078.txt,synthetic_instances/Data_c100078.txt
syn_vls_m30_n300_k500_s20274420,100079,synthetic_vls,generated_vls,train_or_val,val,30,300,500,20274420,1,12,6.53,13.222433333333333,1,6,3.6,3.24,1,8,4.452,5.823696,synthetic_instances/Data_p100079.txt,synthetic_instances/Data_e100079.txt,synthetic_instances/Data_c100079.txt
syn_vls_m30_n300_k500_s20274421,100080,synthetic_vls,generated_vls,train_or_val,train,30,300,500,20274421,1,12,6.6466666666666665,11.468488888888889,1,6,3.4,3.44,1,8,4.308,5.309136,synthetic_instances/Data_p100080.txt,synthetic_instances/Data_e100080.txt,synthetic_instances/Data_c100080.txt
syn_vls_m30_n300_k500_s20274422,100081,synthetic_vls,generated_vls,train_or_val,train,30,300,500,20274422,1,12,6.406666666666666,11.847955555555556,1,6,3.2666666666666666,2.3955555555555557,1,8,4.584,5.082944,synthetic_instances/Data_p100081.txt,synthetic_instances/Data_e100081.txt,synthetic_instances/Data_c100081.txt
syn_vls_m30_n300_k500_s20274423,100082,synthetic_vls,generated_vls,train_or_val,train,30,300,500,20274423,1,12,6.266666666666667,12.148888888888889,1,6,3.4,2.24,1,8,4.39,5.3099,synthetic_instances/Data_p100082.txt,synthetic_instances/Data_e100082.txt,synthetic_instances/Data_c100082.txt
syn_vls_m30_n300_k500_s20274424,100083,synthetic_vls,generated_vls,train_or_val,train,30,300,500,20274424,1,12,6.6066666666666665,11.76528888888889,1,6,3.1333333333333333,3.382222222222222,1,8,4.568,5.065376,synthetic_instances/Data_p100083.txt,synthetic_instances/Data_e100083.txt,synthetic_instances/Data_c100083.txt
syn_vls_m30_n300_k500_s20274425,100084,synthetic_vls,generated_vls,train_or_val,train,30,300,500,20274425,1,12,6.553333333333334,11.740488888888889,1,6,3.533333333333333,2.582222222222222,1,8,4.436,5.405904,synthetic_instances/Data_p100084.txt,synthetic_instances/Data_e100084.txt,synthetic_instances/Data_c100084.txt
syn_vls_m30_n350_k350_s20275420,100085,synthetic_vls,generated_vls,train_or_val,train,30,350,350,20275420,1,12,6.56,11.840685714285714,1,6,3.4,3.1066666666666665,1,8,4.382857142857143,5.459134693877551,synthetic_instances/Data_p100085.txt,synthetic_instances/Data_e100085.txt,synthetic_instances/Data_c100085.txt
syn_vls_m30_n350_k350_s20275421,100086,synthetic_vls,generated_vls,train_or_val,train,30,350,350,20275421,1,12,6.4,12.0,1,6,3.2,2.4266666666666667,1,8,4.457142857142857,5.631020408163265,synthetic_instances/Data_p100086.txt,synthetic_instances/Data_e100086.txt,synthetic_instances/Data_c100086.txt
syn_vls_m30_n350_k350_s20275422,100087,synthetic_vls,generated_vls,train_or_val,val,30,350,350,20275422,1,12,6.408571428571428,11.904497959183674,1,6,3.3666666666666667,2.898888888888889,1,8,4.434285714285714,5.228538775510204,synthetic_instances/Data_p100087.txt,synthetic_instances/Data_e100087.txt,synthetic_instances/Data_c100087.txt
syn_vls_m30_n350_k350_s20275423,100088,synthetic_vls,generated_vls,train_or_val,train,30,350,350,20275423,1,12,6.44,11.65782857142857,1,6,3.8,3.0933333333333333,1,8,4.277142857142858,5.280334693877551,synthetic_instances/Data_p100088.txt,synthetic_instances/Data_e100088.txt,synthetic_instances/Data_c100088.txt
syn_vls_m30_n350_k350_s20275424,100089,synthetic_vls,generated_vls,train_or_val,train,30,350,350,20275424,1,12,6.428571428571429,11.713469387755103,1,6,3.2,2.76,1,8,4.497142857142857,4.712848979591837,synthetic_instances/Data_p100089.txt,synthetic_instances/Data_e100089.txt,synthetic_instances/Data_c100089.txt
syn_vls_m30_n350_k350_s20275425,100090,synthetic_vls,generated_vls,train_or_val,train,30,350,350,20275425,1,12,6.828571428571428,11.639183673469388,1,6,3.4,2.7733333333333334,1,8,4.397142857142857,5.239420408163265,synthetic_instances/Data_p100090.txt,synthetic_instances/Data_e100090.txt,synthetic_instances/Data_c100090.txt
syn_vls_m30_n350_k500_s20276420,100091,synthetic_vls,generated_vls,train_or_val,train,30,350,500,20276420,1,12,6.348571428571429,12.53564081632653,1,6,3.466666666666667,2.648888888888889,1,8,4.48,5.1736,synthetic_instances/Data_p100091.txt,synthetic_instances/Data_e100091.txt,synthetic_instances/Data_c100091.txt
syn_vls_m30_n350_k500_s20276421,100092,synthetic_vls,generated_vls,train_or_val,train,30,350,500,20276421,1,12,6.468571428571429,10.837583673469387,2,6,4.333333333333333,1.6222222222222222,1,8,4.388,5.509456,synthetic_instances/Data_p100092.txt,synthetic_instances/Data_e100092.txt,synthetic_instances/Data_c100092.txt
syn_vls_m30_n350_k500_s20276422,100093,synthetic_vls,generated_vls,train_or_val,train,30,350,500,20276422,1,12,6.357142857142857,12.023877551020409,1,6,3.433333333333333,2.4455555555555555,1,8,4.548,5.411696,synthetic_instances/Data_p100093.txt,synthetic_instances/Data_e100093.txt,synthetic_instances/Data_c100093.txt
syn_vls_m30_n350_k500_s20276423,100094,synthetic_vls,generated_vls,train_or_val,train,30,350,500,20276423,1,12,6.171428571428572,12.004897959183673,1,6,3.1,2.49,1,8,4.46,5.3684,synthetic_instances/Data_p100094.txt,synthetic_instances/Data_e100094.txt,synthetic_instances/Data_c100094.txt
syn_vls_m30_n350_k500_s20276424,100095,synthetic_vls,generated_vls,train_or_val,val,30,350,500,20276424,1,12,6.628571428571429,12.016326530612245,1,6,3.966666666666667,2.4988888888888887,1,8,4.42,4.8036,synthetic_instances/Data_p100095.txt,synthetic_instances/Data_e100095.txt,synthetic_instances/Data_c100095.txt
syn_vls_m30_n350_k500_s20276425,100096,synthetic_vls,generated_vls,train_or_val,train,30,350,500,20276425,1,12,6.477142857142857,12.032334693877552,1,6,3.2333333333333334,2.712222222222222,1,8,4.458,5.624236,synthetic_instances/Data_p100096.txt,synthetic_instances/Data_e100096.txt,synthetic_instances/Data_c100096.txt
syn_vls_m30_n400_k350_s20277420,100097,synthetic_vls,generated_vls,train_or_val,train,30,400,350,20277420,1,12,6.53,11.7841,1,6,3.566666666666667,3.6455555555555557,1,8,4.557142857142857,4.601020408163265,synthetic_instances/Data_p100097.txt,synthetic_instances/Data_e100097.txt,synthetic_instances/Data_c100097.txt
syn_vls_m30_n400_k350_s20277421,100098,synthetic_vls,generated_vls,train_or_val,val,30,400,350,20277421,1,12,6.475,10.999375,1,6,3.3666666666666667,2.898888888888889,1,8,4.417142857142857,5.043134693877551,synthetic_instances/Data_p100098.txt,synthetic_instances/Data_e100098.txt,synthetic_instances/Data_c100098.txt
syn_vls_m30_n400_k350_s20277422,100099,synthetic_vls,generated_vls,train_or_val,train,30,400,350,20277422,1,12,6.8325,12.44444375,1,6,3.3666666666666667,2.7655555555555558,1,8,4.491428571428571,4.912783673469388,synthetic_instances/Data_p100099.txt,synthetic_instances/Data_e100099.txt,synthetic_instances/Data_c100099.txt
syn_vls_m30_n400_k350_s20277423,100100,synthetic_vls,generated_vls,train_or_val,train,30,400,350,20277423,1,12,6.755,11.674975,1,6,3.7666666666666666,4.112222222222222,1,8,4.331428571428572,5.113012244897959,synthetic_instances/Data_p100100.txt,synthetic_instances/Data_e100100.txt,synthetic_instances/Data_c100100.txt
syn_vls_m30_n400_k350_s20277424,100101,synthetic_vls,generated_vls,train_or_val,train,30,400,350,20277424,1,12,6.55,11.8225,1,6,3.566666666666667,2.6455555555555557,1,8,4.631428571428572,5.3927265306122445,synthetic_instances/Data_p100101.txt,synthetic_instances/Data_e100101.txt,synthetic_instances/Data_c100101.txt
syn_vls_m30_n400_k350_s20277425,100102,synthetic_vls,generated_vls,train_or_val,train,30,400,350,20277425,1,12,6.6875,12.31484375,1,6,3.466666666666667,3.648888888888889,1,8,4.717142857142857,5.471420408163265,synthetic_instances/Data_p100102.txt,synthetic_instances/Data_e100102.txt,synthetic_instances/Data_c100102.txt
syn_vls_m30_n400_k500_s20278420,100103,synthetic_vls,generated_vls,train_or_val,train,30,400,500,20278420,1,12,6.5625,12.50609375,1,6,3.6333333333333333,2.1655555555555557,1,8,4.554,5.163084,synthetic_instances/Data_p100103.txt,synthetic_instances/Data_e100103.txt,synthetic_instances/Data_c100103.txt
syn_vls_m30_n400_k500_s20278421,100104,synthetic_vls,generated_vls,train_or_val,train,30,400,500,20278421,1,12,6.6375,12.84109375,1,6,3.7666666666666666,3.112222222222222,1,8,4.476,5.365424,synthetic_instances/Data_p100104.txt,synthetic_instances/Data_e100104.txt,synthetic_instances/Data_c100104.txt
syn_vls_m30_n400_k500_s20278422,100105,synthetic_vls,generated_vls,train_or_val,val,30,400,500,20278422,1,12,6.2425,11.31369375,1,6,3.8333333333333335,2.138888888888889,1,8,4.438,5.222156,synthetic_instances/Data_p100105.txt,synthetic_instances/Data_e100105.txt,synthetic_instances/Data_c100105.txt
syn_vls_m30_n400_k500_s20278423,100106,synthetic_vls,generated_vls,train_or_val,train,30,400,500,20278423,1,12,6.8,11.375,1,6,3.7666666666666666,2.8455555555555554,1,8,4.51,5.1339,synthetic_instances/Data_p100106.txt,synthetic_instances/Data_e100106.txt,synthetic_instances/Data_c100106.txt
syn_vls_m30_n400_k500_s20278424,100107,synthetic_vls,generated_vls,train_or_val,train,30,400,500,20278424,1,12,6.2625,10.98859375,1,6,3.5,2.65,1,8,4.414,5.510604,synthetic_instances/Data_p100107.txt,synthetic_instances/Data_e100107.txt,synthetic_instances/Data_c100107.txt
syn_vls_m30_n400_k500_s20278425,100108,synthetic_vls,generated_vls,train_or_val,train,30,400,500,20278425,1,12,6.305,11.786975,1,6,3.2666666666666666,3.062222222222222,1,8,4.558,5.394636,synthetic_instances/Data_p100108.txt,synthetic_instances/Data_e100108.txt,synthetic_instances/Data_c100108.txt
syn_vls_m30_n500_k350_s20279420,100109,synthetic_vls,generated_vls,train_or_val,train,30,500,350,20279420,1,12,6.466,11.800844,1,6,3.2333333333333334,2.9122222222222223,1,8,4.614285714285714,5.00265306122449,synthetic_instances/Data_p100109.txt,synthetic_instances/Data_e100109.txt,synthetic_instances/Data_c100109.txt
syn_vls_m30_n500_k350_s20279421,100110,synthetic_vls,generated_vls,train_or_val,train,30,500,350,20279421,1,12,6.432,12.025376,1,6,3.4,2.1733333333333333,1,8,4.377142857142857,5.360620408163265,synthetic_instances/Data_p100110.txt,synthetic_instances/Data_e100110.txt,synthetic_instances/Data_c100110.txt
syn_vls_m30_n500_k350_s20279422,100111,synthetic_vls,generated_vls,train_or_val,train,30,500,350,20279422,1,12,6.462,11.924556,1,6,3.433333333333333,3.378888888888889,1,8,4.7057142857142855,5.173395918367347,synthetic_instances/Data_p100111.txt,synthetic_instances/Data_e100111.txt,synthetic_instances/Data_c100111.txt
syn_vls_m30_n500_k350_s20279423,100112,synthetic_vls,generated_vls,train_or_val,val,30,500,350,20279423,1,12,6.768,12.054176,1,6,3.933333333333333,2.328888888888889,1,8,4.617142857142857,5.350563265306122,synthetic_instances/Data_p100112.txt,synthetic_instances/Data_e100112.txt,synthetic_instances/Data_c100112.txt
syn_vls_m30_n500_k350_s20279424,100113,synthetic_vls,generated_vls,train_or_val,train,30,500,350,20279424,1,12,6.262,12.353356,1,6,3.466666666666667,3.3155555555555556,1,8,4.562857142857143,4.70890612244898,synthetic_instances/Data_p100113.txt,synthetic_instances/Data_e100113.txt,synthetic_instances/Data_c100113.txt
syn_vls_m30_n500_k350_s20279425,100114,synthetic_vls,generated_vls,train_or_val,train,30,500,350,20279425,1,12,6.55,11.8035,1,6,3.3333333333333335,2.2222222222222223,1,8,4.282857142857143,5.2428489795918365,synthetic_instances/Data_p100114.txt,synthetic_instances/Data_e100114.txt,synthetic_instances/Data_c100114.txt
syn_vls_m30_n500_k500_s20280420,100115,synthetic_vls,generated_vls,train_or_val,train,30,500,500,20280420,1,12,6.56,11.4464,1,6,2.9,2.8233333333333333,1,8,4.47,5.1091,synthetic_instances/Data_p100115.txt,synthetic_instances/Data_e100115.txt,synthetic_instances/Data_c100115.txt
syn_vls_m30_n500_k500_s20280421,100116,synthetic_vls,generated_vls,train_or_val,train,30,500,500,20280421,1,12,6.386,12.209004,1,6,3.1333333333333333,2.5155555555555558,1,8,4.394,5.390764,synthetic_instances/Data_p100116.txt,synthetic_instances/Data_e100116.txt,synthetic_instances/Data_c100116.txt
syn_vls_m30_n500_k500_s20280422,100117,synthetic_vls,generated_vls,train_or_val,val,30,500,500,20280422,1,12,6.594,11.857164,1,6,3.3333333333333335,3.1555555555555554,1,8,4.484,5.005744,synthetic_instances/Data_p100117.txt,synthetic_instances/Data_e100117.txt,synthetic_instances/Data_c100117.txt
syn_vls_m30_n500_k500_s20280423,100118,synthetic_vls,generated_vls,train_or_val,train,30,500,500,20280423,1,12,6.902,12.008396,1,6,2.933333333333333,2.862222222222222,1,8,4.452,5.175696,synthetic_instances/Data_p100118.txt,synthetic_instances/Data_e100118.txt,synthetic_instances/Data_c100118.txt
syn_vls_m30_n500_k500_s20280424,100119,synthetic_vls,generated_vls,train_or_val,train,30,500,500,20280424,1,12,6.548,12.547696,1,6,3.7333333333333334,2.7955555555555556,1,8,4.532,4.852976,synthetic_instances/Data_p100119.txt,synthetic_instances/Data_e100119.txt,synthetic_instances/Data_c100119.txt
syn_vls_m30_n500_k500_s20280425,100120,synthetic_vls,generated_vls,train_or_val,train,30,500,500,20280425,1,12,6.17,11.8451,2,6,3.9,1.6233333333333333,1,8,4.414,5.562604,synthetic_instances/Data_p100120.txt,synthetic_instances/Data_e100120.txt,synthetic_instances/Data_c100120.txt
syn_vls_m40_n250_k350_s20281420,100121,synthetic_vls,generated_vls,train_or_val,train,40,250,350,20281420,1,12,6.688,12.750656,1,6,3.05,3.6475,1,8,4.6085714285714285,5.346783673469388,synthetic_instances/Data_p100121.txt,synthetic_instances/Data_e100121.txt,synthetic_instances/Data_c100121.txt
syn_vls_m40_n250_k350_s20281421,100122,synthetic_vls,generated_vls,train_or_val,train,40,250,350,20281421,1,12,6.332,11.629776,1,6,3.45,3.3475,1,8,4.628571428571429,5.027755102040817,synthetic_instances/Data_p100122.txt,synthetic_instances/Data_e100122.txt,synthetic_instances/Data_c100122.txt
syn_vls_m40_n250_k350_s20281422,100123,synthetic_vls,generated_vls,train_or_val,train,40,250,350,20281422,1,12,6.344,12.273664,1,6,3.05,2.9475,1,8,4.3914285714285715,5.123926530612245,synthetic_instances/Data_p100123.txt,synthetic_instances/Data_e100123.txt,synthetic_instances/Data_c100123.txt
syn_vls_m40_n250_k350_s20281423,100124,synthetic_vls,generated_vls,train_or_val,train,40,250,350,20281423,1,12,6.588,12.306256,1,6,3.225,2.924375,1,8,4.502857142857143,5.278563265306122,synthetic_instances/Data_p100124.txt,synthetic_instances/Data_e100124.txt,synthetic_instances/Data_c100124.txt
syn_vls_m40_n250_k350_s20281424,100125,synthetic_vls,generated_vls,train_or_val,val,40,250,350,20281424,1,12,6.444,12.574864,1,6,4.075,2.369375,1,8,4.617142857142857,5.0819918367346935,synthetic_instances/Data_p100125.txt,synthetic_instances/Data_e100125.txt,synthetic_instances/Data_c100125.txt
syn_vls_m40_n250_k350_s20281425,100126,synthetic_vls,generated_vls,train_or_val,train,40,250,350,20281425,1,12,6.268,10.860176,1,6,3.675,3.119375,1,8,4.637142857142857,4.819763265306123,synthetic_instances/Data_p100126.txt,synthetic_instances/Data_e100126.txt,synthetic_instances/Data_c100126.txt
syn_vls_m40_n250_k500_s20282420,100127,synthetic_vls,generated_vls,train_or_val,train,40,250,500,20282420,1,12,6.548,11.831696,1,6,3.25,3.5375,1,8,4.41,5.2419,synthetic_instances/Data_p100127.txt,synthetic_instances/Data_e100127.txt,synthetic_instances/Data_c100127.txt
syn_vls_m40_n250_k500_s20282421,100128,synthetic_vls,generated_vls,train_or_val,train,40,250,500,20282421,1,12,6.6,11.536,1,6,3.375,2.634375,1,8,4.494,5.321964,synthetic_instances/Data_p100128.txt,synthetic_instances/Data_e100128.txt,synthetic_instances/Data_c100128.txt
syn_vls_m40_n250_k500_s20282422,100129,synthetic_vls,generated_vls,train_or_val,val,40,250,500,20282422,1,12,6.248,11.842496,1,6,3.4,2.84,1,8,4.594,5.181164,synthetic_instances/Data_p100129.txt,synthetic_instances/Data_e100129.txt,synthetic_instances/Data_c100129.txt
syn_vls_m40_n250_k500_s20282423,100130,synthetic_vls,generated_vls,train_or_val,train,40,250,500,20282423,1,12,6.636,12.919504,1,6,3.5,3.75,1,8,4.53,5.5291,synthetic_instances/Data_p100130.txt,synthetic_instances/Data_e100130.txt,synthetic_instances/Data_c100130.txt
syn_vls_m40_n250_k500_s20282424,100131,synthetic_vls,generated_vls,train_or_val,train,40,250,500,20282424,1,12,6.396,12.175184,1,6,3.925,2.869375,1,8,4.256,5.162464,synthetic_instances/Data_p100131.txt,synthetic_instances/Data_e100131.txt,synthetic_instances/Data_c100131.txt
syn_vls_m40_n250_k500_s20282425,100132,synthetic_vls,generated_vls,train_or_val,train,40,250,500,20282425,1,12,6.644,12.645264,1,6,3.225,2.924375,1,8,4.496,5.201984,synthetic_instances/Data_p100132.txt,synthetic_instances/Data_e100132.txt,synthetic_instances/Data_c100132.txt
syn_vls_m40_n300_k350_s20283420,100133,synthetic_vls,generated_vls,train_or_val,train,40,300,350,20283420,1,12,6.553333333333334,11.893822222222223,1,6,3.95,3.0475,1,8,4.428571428571429,5.096326530612245,synthetic_instances/Data_p100133.txt,synthetic_instances/Data_e100133.txt,synthetic_instances/Data_c100133.txt
syn_vls_m40_n300_k350_s20283421,100134,synthetic_vls,generated_vls,train_or_val,train,40,300,350,20283421,1,12,6.616666666666666,12.596388888888889,1,6,3.4,3.29,1,8,4.485714285714286,5.078367346938776,synthetic_instances/Data_p100134.txt,synthetic_instances/Data_e100134.txt,synthetic_instances/Data_c100134.txt
syn_vls_m40_n300_k350_s20283422,100135,synthetic_vls,generated_vls,train_or_val,val,40,300,350,20283422,1,12,6.246666666666667,12.199155555555556,1,6,3.675,2.869375,1,8,4.68,5.4233142857142855,synthetic_instances/Data_p100135.txt,synthetic_instances/Data_e100135.txt,synthetic_instances/Data_c100135.txt
syn_vls_m40_n300_k350_s20283423,100136,synthetic_vls,generated_vls,train_or_val,train,40,300,350,20283423,1,12,6.663333333333333,12.649988888888888,1,6,3.7,3.21,1,8,4.3742857142857146,5.8684816326530616,synthetic_instances/Data_p100136.txt,synthetic_instances/Data_e100136.txt,synthetic_instances/Data_c100136.txt
syn_vls_m40_n300_k350_s20283424,100137,synthetic_vls,generated_vls,train_or_val,train,40,300,350,20283424,1,12,6.386666666666667,11.683822222222222,1,6,3.1,2.94,1,8,4.362857142857143,5.094048979591837,synthetic_instances/Data_p100137.txt,synthetic_instances/Data_e100137.txt,synthetic_instances/Data_c100137.txt
syn_vls_m40_n300_k350_s20283425,100138,synthetic_vls,generated_vls,train_or_val,train,40,300,350,20283425,1,12,6.67,11.2211,1,6,3.45,3.0475,1,8,4.434285714285714,5.028538775510204,synthetic_instances/Data_p100138.txt,synthetic_instances/Data_e100138.txt,synthetic_instances/Data_c100138.txt
syn_vls_m40_n300_k500_s20284420,100139,synthetic_vls,generated_vls,train_or_val,train,40,300,500,20284420,1,12,6.213333333333333,12.087822222222222,1,6,3.5,2.75,1,8,4.42,5.1196,synthetic_instances/Data_p100139.txt,synthetic_instances/Data_e100139.txt,synthetic_instances/Data_c100139.txt
syn_vls_m40_n300_k500_s20284421,100140,synthetic_vls,generated_vls,train_or_val,train,40,300,500,20284421,1,12,6.193333333333333,11.735955555555556,1,6,3.075,2.369375,1,8,4.444,4.878864,synthetic_instances/Data_p100140.txt,synthetic_instances/Data_e100140.txt,synthetic_instances/Data_c100140.txt
syn_vls_m40_n300_k500_s20284422,100141,synthetic_vls,generated_vls,train_or_val,train,40,300,500,20284422,1,12,6.67,12.194433333333333,1,6,3.575,2.844375,1,8,4.552,5.163296,synthetic_instances/Data_p100141.txt,synthetic_instances/Data_e100141.txt,synthetic_instances/Data_c100141.txt
syn_vls_m40_n300_k500_s20284423,100142,synthetic_vls,generated_vls,train_or_val,train,40,300,500,20284423,1,12,6.573333333333333,12.677955555555556,1,6,2.925,3.019375,1,8,4.338,5.103756,synthetic_instances/Data_p100142.txt,synthetic_instances/Data_e100142.txt,synthetic_instances/Data_c100142.txt
syn_vls_m40_n300_k500_s20284424,100143,synthetic_vls,generated_vls,train_or_val,val,40,300,500,20284424,1,12,6.0633333333333335,12.672655555555556,1,6,3.8,3.21,1,8,4.452,5.371696,synthetic_instances/Data_p100143.txt,synthetic_instances/Data_e100143.txt,synthetic_instances/Data_c100143.txt
syn_vls_m40_n300_k500_s20284425,100144,synthetic_vls,generated_vls,train_or_val,train,40,300,500,20284425,1,12,6.363333333333333,11.23798888888889,1,6,3.675,3.619375,1,8,4.416,5.058944,synthetic_instances/Data_p100144.txt,synthetic_instances/Data_e100144.txt,synthetic_instances/Data_c100144.txt
syn_vls_m40_n350_k350_s20285420,100145,synthetic_vls,generated_vls,train_or_val,val,40,350,350,20285420,1,12,6.468571428571429,11.52901224489796,1,6,3.525,3.099375,1,8,4.525714285714286,5.17505306122449,synthetic_instances/Data_p100145.txt,synthetic_instances/Data_e100145.txt,synthetic_instances/Data_c100145.txt
syn_vls_m40_n350_k350_s20285421,100146,synthetic_vls,generated_vls,train_or_val,train,40,350,350,20285421,1,12,6.317142857142857,11.862277551020409,1,6,3.6,3.04,1,8,4.571428571428571,5.382040816326531,synthetic_instances/Data_p100146.txt,synthetic_instances/Data_e100146.txt,synthetic_instances/Data_c100146.txt
syn_vls_m40_n350_k350_s20285422,100147,synthetic_vls,generated_vls,train_or_val,train,40,350,350,20285422,1,12,6.371428571428571,12.062040816326531,1,6,3.2,2.51,1,8,4.594285714285714,5.13825306122449,synthetic_instances/Data_p100147.txt,synthetic_instances/Data_e100147.txt,synthetic_instances/Data_c100147.txt
syn_vls_m40_n350_k350_s20285423,100148,synthetic_vls,generated_vls,train_or_val,train,40,350,350,20285423,1,12,6.531428571428571,11.974726530612244,1,6,3.9,2.59,1,8,4.194285714285714,5.185110204081632,synthetic_instances/Data_p100148.txt,synthetic_instances/Data_e100148.txt,synthetic_instances/Data_c100148.txt
syn_vls_m40_n350_k350_s20285424,100149,synthetic_vls,generated_vls,train_or_val,train,40,350,350,20285424,1,12,6.54,12.299828571428572,1,6,3.525,3.299375,1,8,4.562857142857143,5.634620408163265,synthetic_instances/Data_p100149.txt,synthetic_instances/Data_e100149.txt,synthetic_instances/Data_c100149.txt
syn_vls_m40_n350_k350_s20285425,100150,synthetic_vls,generated_vls,train_or_val,train,40,350,350,20285425,1,12,6.457142857142857,11.35673469387755,1,6,3.325,2.519375,1,8,4.522857142857143,5.626620408163265,synthetic_instances/Data_p100150.txt,synthetic_instances/Data_e100150.txt,synthetic_instances/Data_c100150.txt
syn_vls_m40_n350_k500_s20286420,100151,synthetic_vls,generated_vls,train_or_val,train,40,350,500,20286420,1,12,6.448571428571428,12.39021224489796,1,6,2.975,2.174375,1,8,4.706,5.359564,synthetic_instances/Data_p100151.txt,synthetic_instances/Data_e100151.txt,synthetic_instances/Data_c100151.txt
syn_vls_m40_n350_k500_s20286421,100152,synthetic_vls,generated_vls,train_or_val,train,40,350,500,20286421,1,12,6.091428571428572,12.117355102040817,1,6,3.75,2.9375,1,8,4.486,5.137804,synthetic_instances/Data_p100152.txt,synthetic_instances/Data_e100152.txt,synthetic_instances/Data_c100152.txt
syn_vls_m40_n350_k500_s20286422,100153,synthetic_vls,generated_vls,train_or_val,train,40,350,500,20286422,1,12,6.522857142857143,11.455191836734693,1,6,3.725,2.849375,1,8,4.524,5.405424,synthetic_instances/Data_p100153.txt,synthetic_instances/Data_e100153.txt,synthetic_instances/Data_c100153.txt
syn_vls_m40_n350_k500_s20286423,100154,synthetic_vls,generated_vls,train_or_val,train,40,350,500,20286423,1,12,6.414285714285715,11.356938775510205,1,6,3.525,2.949375,1,8,4.396,5.299184,synthetic_instances/Data_p100154.txt,synthetic_instances/Data_e100154.txt,synthetic_instances/Data_c100154.txt
syn_vls_m40_n350_k500_s20286424,100155,synthetic_vls,generated_vls,train_or_val,train,40,350,500,20286424,1,12,6.468571428571429,11.677583673469387,1,6,3.4,2.74,1,8,4.476,4.945424,synthetic_instances/Data_p100155.txt,synthetic_instances/Data_e100155.txt,synthetic_instances/Data_c100155.txt
syn_vls_m40_n350_k500_s20286425,100156,synthetic_vls,generated_vls,train_or_val,val,40,350,500,20286425,1,12,6.628571428571429,11.536326530612245,1,6,3.825,2.944375,1,8,4.474,5.073324,synthetic_instances/Data_p100156.txt,synthetic_instances/Data_e100156.txt,synthetic_instances/Data_c100156.txt
syn_vls_m40_n400_k350_s20287420,100157,synthetic_vls,generated_vls,train_or_val,train,40,400,350,20287420,1,12,6.36,11.7454,1,6,3.925,3.269375,1,8,4.64,5.5504,synthetic_instances/Data_p100157.txt,synthetic_instances/Data_e100157.txt,synthetic_instances/Data_c100157.txt
syn_vls_m40_n400_k350_s20287421,100158,synthetic_vls,generated_vls,train_or_val,train,40,400,350,20287421,1,12,6.6675,11.64694375,1,6,3.475,3.149375,1,8,4.622857142857143,5.377763265306123,synthetic_instances/Data_p100158.txt,synthetic_instances/Data_e100158.txt,synthetic_instances/Data_c100158.txt
syn_vls_m40_n400_k350_s20287422,100159,synthetic_vls,generated_vls,train_or_val,train,40,400,350,20287422,1,12,6.4875,12.20484375,1,6,3.6,3.39,1,8,4.4314285714285715,5.542440816326531,synthetic_instances/Data_p100159.txt,synthetic_instances/Data_e100159.txt,synthetic_instances/Data_c100159.txt
syn_vls_m40_n400_k350_s20287423,100160,synthetic_vls,generated_vls,train_or_val,val,40,400,350,20287423,1,12,6.69,12.3039,1,6,3.825,2.994375,1,8,4.6257142857142854,4.919910204081632,synthetic_instances/Data_p100160.txt,synthetic_instances/Data_e100160.txt,synthetic_instances/Data_c100160.txt
syn_vls_m40_n400_k350_s20287424,100161,synthetic_vls,generated_vls,train_or_val,train,40,400,350,20287424,1,12,6.4225,12.25399375,1,6,3.5,3.3,1,8,4.414285714285715,5.128367346938775,synthetic_instances/Data_p100161.txt,synthetic_instances/Data_e100161.txt,synthetic_instances/Data_c100161.txt
syn_vls_m40_n400_k350_s20287425,100162,synthetic_vls,generated_vls,train_or_val,train,40,400,350,20287425,1,12,6.4375,12.49609375,1,6,3.225,3.274375,1,8,4.477142857142857,5.289477551020408,synthetic_instances/Data_p100162.txt,synthetic_instances/Data_e100162.txt,synthetic_instances/Data_c100162.txt
syn_vls_m40_n400_k500_s20288420,100163,synthetic_vls,generated_vls,train_or_val,train,40,400,500,20288420,1,12,6.4925,12.15494375,1,6,3.225,2.774375,1,8,4.434,5.197644,synthetic_instances/Data_p100163.txt,synthetic_instances/Data_e100163.txt,synthetic_instances/Data_c100163.txt
syn_vls_m40_n400_k500_s20288421,100164,synthetic_vls,generated_vls,train_or_val,train,40,400,500,20288421,1,12,6.4275,12.28474375,1,6,4.275,1.999375,1,8,4.598,5.152396,synthetic_instances/Data_p100164.txt,synthetic_instances/Data_e100164.txt,synthetic_instances/Data_c100164.txt
syn_vls_m40_n400_k500_s20288422,100165,synthetic_vls,generated_vls,train_or_val,train,40,400,500,20288422,1,12,6.36,11.6604,1,6,3.575,3.194375,1,8,4.37,5.3211,synthetic_instances/Data_p100165.txt,synthetic_instances/Data_e100165.txt,synthetic_instances/Data_c100165.txt
syn_vls_m40_n400_k500_s20288423,100166,synthetic_vls,generated_vls,train_or_val,train,40,400,500,20288423,1,12,6.5175,12.05469375,1,6,3.375,2.884375,1,8,4.398,5.271596,synthetic_instances/Data_p100166.txt,synthetic_instances/Data_e100166.txt,synthetic_instances/Data_c100166.txt
syn_vls_m40_n400_k500_s20288424,100167,synthetic_vls,generated_vls,train_or_val,train,40,400,500,20288424,1,12,6.68,12.1576,1,6,3.625,3.434375,1,8,4.418,5.243276,synthetic_instances/Data_p100167.txt,synthetic_instances/Data_e100167.txt,synthetic_instances/Data_c100167.txt
syn_vls_m40_n400_k500_s20288425,100168,synthetic_vls,generated_vls,train_or_val,val,40,400,500,20288425,1,12,6.8325,11.32944375,1,6,3.4,2.44,1,8,4.384,5.356544,synthetic_instances/Data_p100168.txt,synthetic_instances/Data_e100168.txt,synthetic_instances/Data_c100168.txt
syn_vls_m40_n500_k350_s20289420,100169,synthetic_vls,generated_vls,train_or_val,train,40,500,350,20289420,1,12,6.624,12.286624,1,6,3.675,3.319375,1,8,4.588571428571429,5.510726530612245,synthetic_instances/Data_p100169.txt,synthetic_instances/Data_e100169.txt,synthetic_instances/Data_c100169.txt
syn_vls_m40_n500_k350_s20289421,100170,synthetic_vls,generated_vls,train_or_val,train,40,500,350,20289421,1,12,6.316,11.344144,1,6,3.45,3.3975,1,8,4.445714285714286,5.069910204081633,synthetic_instances/Data_p100170.txt,synthetic_instances/Data_e100170.txt,synthetic_instances/Data_c100170.txt
syn_vls_m40_n500_k350_s20289422,100171,synthetic_vls,generated_vls,train_or_val,train,40,500,350,20289422,1,12,6.494,11.509964,1,6,3.825,2.794375,1,8,4.325714285714286,4.951053061224489,synthetic_instances/Data_p100171.txt,synthetic_instances/Data_e100171.txt,synthetic_instances/Data_c100171.txt
syn_vls_m40_n500_k350_s20289423,100172,synthetic_vls,generated_vls,train_or_val,val,40,500,350,20289423,1,12,6.714,11.308204,1,6,3.2,2.41,1,8,4.58,5.460742857142857,synthetic_instances/Data_p100172.txt,synthetic_instances/Data_e100172.txt,synthetic_instances/Data_c100172.txt
syn_vls_m40_n500_k350_s20289424,100173,synthetic_vls,generated_vls,train_or_val,train,40,500,350,20289424,1,12,6.718,11.286476,1,6,3.65,2.9775,1,8,4.4314285714285715,4.656726530612245,synthetic_instances/Data_p100173.txt,synthetic_instances/Data_e100173.txt,synthetic_instances/Data_c100173.txt
syn_vls_m40_n500_k350_s20289425,100174,synthetic_vls,generated_vls,train_or_val,train,40,500,350,20289425,1,12,6.686,12.263404,1,6,2.9,2.69,1,8,4.42,5.357885714285715,synthetic_instances/Data_p100174.txt,synthetic_instances/Data_e100174.txt,synthetic_instances/Data_c100174.txt
syn_vls_m40_n500_k500_s20290420,100175,synthetic_vls,generated_vls,train_or_val,train,40,500,500,20290420,1,12,6.638,11.498956,1,6,3.775,2.474375,1,8,4.522,5.225516,synthetic_instances/Data_p100175.txt,synthetic_instances/Data_e100175.txt,synthetic_instances/Data_c100175.txt
syn_vls_m40_n500_k500_s20290421,100176,synthetic_vls,generated_vls,train_or_val,train,40,500,500,20290421,1,12,6.65,11.8715,1,6,3.5,2.9,1,8,4.324,5.147024,synthetic_instances/Data_p100176.txt,synthetic_instances/Data_e100176.txt,synthetic_instances/Data_c100176.txt
syn_vls_m40_n500_k500_s20290422,100177,synthetic_vls,generated_vls,train_or_val,val,40,500,500,20290422,1,12,6.142,10.813836,1,6,3.375,2.684375,1,8,4.328,5.356416,synthetic_instances/Data_p100177.txt,synthetic_instances/Data_e100177.txt,synthetic_instances/Data_c100177.txt
syn_vls_m40_n500_k500_s20290423,100178,synthetic_vls,generated_vls,train_or_val,train,40,500,500,20290423,1,12,6.304,11.843584,1,6,3.475,3.049375,1,8,4.554,5.075084,synthetic_instances/Data_p100178.txt,synthetic_instances/Data_e100178.txt,synthetic_instances/Data_c100178.txt
syn_vls_m40_n500_k500_s20290424,100179,synthetic_vls,generated_vls,train_or_val,train,40,500,500,20290424,1,12,6.426,11.400524,1,6,3.275,3.349375,1,8,4.416,5.314944,synthetic_instances/Data_p100179.txt,synthetic_instances/Data_e100179.txt,synthetic_instances/Data_c100179.txt
syn_vls_m40_n500_k500_s20290425,100180,synthetic_vls,generated_vls,train_or_val,train,40,500,500,20290425,1,12,6.49,11.8979,1,6,3.5,3.15,1,8,4.352,5.448096,synthetic_instances/Data_p100180.txt,synthetic_instances/Data_e100180.txt,synthetic_instances/Data_c100180.txt
