model_name,method,instance_idx,ratio,energy,time_sec,n_jobs,T_limit
Q-Seq (CWE #1),Greedy+DP,0,0.0,32.0,0.01390036940574646,2,4
Q-Seq (CWE #1),Greedy+DP,1,0.0,23.0,0.01390036940574646,7,16
Q-Seq (CWE #1),Greedy+DP,2,0.0,33.0,0.01390036940574646,3,7
Q-Seq (CWE #1),Greedy+DP,3,0.0,177.0,0.01390036940574646,7,19
Q-Seq (CWE #1),Greedy+DP,4,0.0,207.0,0.01390036940574646,12,33
Q-Seq (CWE #1),Greedy+DP,5,0.0,12.0,0.01390036940574646,3,5
Q-Seq (CWE #1),Greedy+DP,6,0.0,106.0,0.01390036940574646,5,18
Q-Seq (CWE #1),Greedy+DP,7,0.0,18.0,0.01390036940574646,3,4
Q-Seq (CWE #1),Greedy+DP,8,0.0,90.0,0.01390036940574646,4,11
Q-Seq (CWE #1),Greedy+DP,9,0.0,18.0,0.01390036940574646,2,2
Q-Seq (CWE #1),Greedy+DP,10,0.0,27.0,0.01390036940574646,5,12
Q-Seq (CWE #1),Greedy+DP,11,0.0,144.0,0.01390036940574646,25,61
Q-Seq (CWE #1),Greedy+DP,12,0.0,10.0,0.01390036940574646,3,5
Q-Seq (CWE #1),Greedy+DP,13,0.0,48.0,0.01390036940574646,1,4
Q-Seq (CWE #1),Greedy+DP,14,0.0,4.0,0.01390036940574646,1,4
Q-Seq (CWE #1),Greedy+DP,15,0.0,240.0,0.01390036940574646,9,32
Q-Seq (CWE #1),SGBS+DP(β4γ4),0,0.0,32.0,0.4942360669374466,2,4
Q-Seq (CWE #1),SGBS+DP(β4γ4),1,0.0,23.0,0.4942360669374466,7,16
Q-Seq (CWE #1),SGBS+DP(β4γ4),2,0.0,33.0,0.4942360669374466,3,7
Q-Seq (CWE #1),SGBS+DP(β4γ4),3,0.0,177.0,0.4942360669374466,7,19
Q-Seq (CWE #1),SGBS+DP(β4γ4),4,0.0,207.0,0.4942360669374466,12,33
Q-Seq (CWE #1),SGBS+DP(β4γ4),5,0.0,12.0,0.4942360669374466,3,5
Q-Seq (CWE #1),SGBS+DP(β4γ4),6,0.0,106.0,0.4942360669374466,5,18
Q-Seq (CWE #1),SGBS+DP(β4γ4),7,0.0,18.0,0.4942360669374466,3,4
Q-Seq (CWE #1),SGBS+DP(β4γ4),8,0.0,90.0,0.4942360669374466,4,11
Q-Seq (CWE #1),SGBS+DP(β4γ4),9,0.0,18.0,0.4942360669374466,2,2
Q-Seq (CWE #1),SGBS+DP(β4γ4),10,0.0,27.0,0.4942360669374466,5,12
Q-Seq (CWE #1),SGBS+DP(β4γ4),11,0.0,144.0,0.4942360669374466,25,61
Q-Seq (CWE #1),SGBS+DP(β4γ4),12,0.0,10.0,0.4942360669374466,3,5
Q-Seq (CWE #1),SGBS+DP(β4γ4),13,0.0,48.0,0.4942360669374466,1,4
Q-Seq (CWE #1),SGBS+DP(β4γ4),14,0.0,4.0,0.4942360669374466,1,4
Q-Seq (CWE #1),SGBS+DP(β4γ4),15,0.0,240.0,0.4942360669374466,9,32
Q-Seq (CWE #1),Greedy+DP,0,0.25,12.0,0.015031367540359497,2,28
Q-Seq (CWE #1),Greedy+DP,1,0.25,16.0,0.015031367540359497,7,37
Q-Seq (CWE #1),Greedy+DP,2,0.25,30.0,0.015031367540359497,3,25
Q-Seq (CWE #1),Greedy+DP,3,0.25,141.0,0.015031367540359497,7,34
Q-Seq (CWE #1),Greedy+DP,4,0.25,165.0,0.015031367540359497,12,44
Q-Seq (CWE #1),Greedy+DP,5,0.25,5.0,0.015031367540359497,3,16
Q-Seq (CWE #1),Greedy+DP,6,0.25,100.0,0.015031367540359497,5,26
Q-Seq (CWE #1),Greedy+DP,7,0.25,15.0,0.015031367540359497,3,23
Q-Seq (CWE #1),Greedy+DP,8,0.25,60.0,0.015031367540359497,4,33
Q-Seq (CWE #1),Greedy+DP,9,0.25,6.0,0.015031367540359497,2,26
Q-Seq (CWE #1),Greedy+DP,10,0.25,21.0,0.015031367540359497,5,21
Q-Seq (CWE #1),Greedy+DP,11,0.25,139.0,0.015031367540359497,25,70
Q-Seq (CWE #1),Greedy+DP,12,0.25,10.0,0.015031367540359497,3,28
Q-Seq (CWE #1),Greedy+DP,13,0.25,12.0,0.015031367540359497,1,15
Q-Seq (CWE #1),Greedy+DP,14,0.25,4.0,0.015031367540359497,1,23
Q-Seq (CWE #1),Greedy+DP,15,0.25,231.0,0.015031367540359497,9,44
Q-Seq (CWE #1),SGBS+DP(β4γ4),0,0.25,12.0,0.5163338780403137,2,28
Q-Seq (CWE #1),SGBS+DP(β4γ4),1,0.25,16.0,0.5163338780403137,7,37
Q-Seq (CWE #1),SGBS+DP(β4γ4),2,0.25,30.0,0.5163338780403137,3,25
Q-Seq (CWE #1),SGBS+DP(β4γ4),3,0.25,138.0,0.5163338780403137,7,34
Q-Seq (CWE #1),SGBS+DP(β4γ4),4,0.25,162.0,0.5163338780403137,12,44
Q-Seq (CWE #1),SGBS+DP(β4γ4),5,0.25,5.0,0.5163338780403137,3,16
Q-Seq (CWE #1),SGBS+DP(β4γ4),6,0.25,100.0,0.5163338780403137,5,26
Q-Seq (CWE #1),SGBS+DP(β4γ4),7,0.25,15.0,0.5163338780403137,3,23
Q-Seq (CWE #1),SGBS+DP(β4γ4),8,0.25,60.0,0.5163338780403137,4,33
Q-Seq (CWE #1),SGBS+DP(β4γ4),9,0.25,6.0,0.5163338780403137,2,26
Q-Seq (CWE #1),SGBS+DP(β4γ4),10,0.25,20.0,0.5163338780403137,5,21
Q-Seq (CWE #1),SGBS+DP(β4γ4),11,0.25,139.0,0.5163338780403137,25,70
Q-Seq (CWE #1),SGBS+DP(β4γ4),12,0.25,10.0,0.5163338780403137,3,28
Q-Seq (CWE #1),SGBS+DP(β4γ4),13,0.25,12.0,0.5163338780403137,1,15
Q-Seq (CWE #1),SGBS+DP(β4γ4),14,0.25,4.0,0.5163338780403137,1,23
Q-Seq (CWE #1),SGBS+DP(β4γ4),15,0.25,225.0,0.5163338780403137,9,44
Q-Seq (CWE #1),Greedy+DP,0,0.5,8.0,0.013015061616897583,2,52
Q-Seq (CWE #1),Greedy+DP,1,0.5,16.0,0.013015061616897583,7,58
Q-Seq (CWE #1),Greedy+DP,2,0.5,21.0,0.013015061616897583,3,43
Q-Seq (CWE #1),Greedy+DP,3,0.5,129.0,0.013015061616897583,7,49
Q-Seq (CWE #1),Greedy+DP,4,0.5,150.0,0.013015061616897583,12,56
Q-Seq (CWE #1),Greedy+DP,5,0.5,5.0,0.013015061616897583,3,27
Q-Seq (CWE #1),Greedy+DP,6,0.5,86.0,0.013015061616897583,5,34
Q-Seq (CWE #1),Greedy+DP,7,0.5,15.0,0.013015061616897583,3,42
Q-Seq (CWE #1),Greedy+DP,8,0.5,54.0,0.013015061616897583,4,55
Q-Seq (CWE #1),Greedy+DP,9,0.5,6.0,0.013015061616897583,2,51
Q-Seq (CWE #1),Greedy+DP,10,0.5,14.0,0.013015061616897583,5,31
Q-Seq (CWE #1),Greedy+DP,11,0.5,124.0,0.013015061616897583,25,80
Q-Seq (CWE #1),Greedy+DP,12,0.5,10.0,0.013015061616897583,3,52
Q-Seq (CWE #1),Greedy+DP,13,0.5,12.0,0.013015061616897583,1,27
Q-Seq (CWE #1),Greedy+DP,14,0.5,4.0,0.013015061616897583,1,42
Q-Seq (CWE #1),Greedy+DP,15,0.5,195.0,0.013015061616897583,9,56
Q-Seq (CWE #1),SGBS+DP(β4γ4),0,0.5,8.0,0.43816207349300385,2,52
Q-Seq (CWE #1),SGBS+DP(β4γ4),1,0.5,16.0,0.43816207349300385,7,58
Q-Seq (CWE #1),SGBS+DP(β4γ4),2,0.5,21.0,0.43816207349300385,3,43
Q-Seq (CWE #1),SGBS+DP(β4γ4),3,0.5,126.0,0.43816207349300385,7,49
Q-Seq (CWE #1),SGBS+DP(β4γ4),4,0.5,147.0,0.43816207349300385,12,56
Q-Seq (CWE #1),SGBS+DP(β4γ4),5,0.5,5.0,0.43816207349300385,3,27
Q-Seq (CWE #1),SGBS+DP(β4γ4),6,0.5,80.0,0.43816207349300385,5,34
Q-Seq (CWE #1),SGBS+DP(β4γ4),7,0.5,15.0,0.43816207349300385,3,42
Q-Seq (CWE #1),SGBS+DP(β4γ4),8,0.5,51.0,0.43816207349300385,4,55
Q-Seq (CWE #1),SGBS+DP(β4γ4),9,0.5,6.0,0.43816207349300385,2,51
Q-Seq (CWE #1),SGBS+DP(β4γ4),10,0.5,12.0,0.43816207349300385,5,31
Q-Seq (CWE #1),SGBS+DP(β4γ4),11,0.5,124.0,0.43816207349300385,25,80
Q-Seq (CWE #1),SGBS+DP(β4γ4),12,0.5,10.0,0.43816207349300385,3,52
Q-Seq (CWE #1),SGBS+DP(β4γ4),13,0.5,12.0,0.43816207349300385,1,27
Q-Seq (CWE #1),SGBS+DP(β4γ4),14,0.5,4.0,0.43816207349300385,1,42
Q-Seq (CWE #1),SGBS+DP(β4γ4),15,0.5,195.0,0.43816207349300385,9,56
Q-Seq (CWE #1),Greedy+DP,0,0.75,8.0,0.012626811861991882,2,76
Q-Seq (CWE #1),Greedy+DP,1,0.75,16.0,0.012626811861991882,7,79
Q-Seq (CWE #1),Greedy+DP,2,0.75,21.0,0.012626811861991882,3,61
Q-Seq (CWE #1),Greedy+DP,3,0.75,102.0,0.012626811861991882,7,64
Q-Seq (CWE #1),Greedy+DP,4,0.75,147.0,0.012626811861991882,12,68
Q-Seq (CWE #1),Greedy+DP,5,0.75,5.0,0.012626811861991882,3,38
Q-Seq (CWE #1),Greedy+DP,6,0.75,74.0,0.012626811861991882,5,42
Q-Seq (CWE #1),Greedy+DP,7,0.75,12.0,0.012626811861991882,3,61
Q-Seq (CWE #1),Greedy+DP,8,0.75,42.0,0.012626811861991882,4,77
Q-Seq (CWE #1),Greedy+DP,9,0.75,6.0,0.012626811861991882,2,75
Q-Seq (CWE #1),Greedy+DP,10,0.75,12.0,0.012626811861991882,5,40
Q-Seq (CWE #1),Greedy+DP,11,0.75,117.0,0.012626811861991882,25,90
Q-Seq (CWE #1),Greedy+DP,12,0.75,10.0,0.012626811861991882,3,76
Q-Seq (CWE #1),Greedy+DP,13,0.75,12.0,0.012626811861991882,1,38
Q-Seq (CWE #1),Greedy+DP,14,0.75,4.0,0.012626811861991882,1,61
Q-Seq (CWE #1),Greedy+DP,15,0.75,192.0,0.012626811861991882,9,68
Q-Seq (CWE #1),SGBS+DP(β4γ4),0,0.75,8.0,0.44283293187618256,2,76
Q-Seq (CWE #1),SGBS+DP(β4γ4),1,0.75,16.0,0.44283293187618256,7,79
Q-Seq (CWE #1),SGBS+DP(β4γ4),2,0.75,21.0,0.44283293187618256,3,61
Q-Seq (CWE #1),SGBS+DP(β4γ4),3,0.75,96.0,0.44283293187618256,7,64
Q-Seq (CWE #1),SGBS+DP(β4γ4),4,0.75,141.0,0.44283293187618256,12,68
Q-Seq (CWE #1),SGBS+DP(β4γ4),5,0.75,5.0,0.44283293187618256,3,38
Q-Seq (CWE #1),SGBS+DP(β4γ4),6,0.75,72.0,0.44283293187618256,5,42
Q-Seq (CWE #1),SGBS+DP(β4γ4),7,0.75,12.0,0.44283293187618256,3,61
Q-Seq (CWE #1),SGBS+DP(β4γ4),8,0.75,36.0,0.44283293187618256,4,77
Q-Seq (CWE #1),SGBS+DP(β4γ4),9,0.75,6.0,0.44283293187618256,2,75
Q-Seq (CWE #1),SGBS+DP(β4γ4),10,0.75,12.0,0.44283293187618256,5,40
Q-Seq (CWE #1),SGBS+DP(β4γ4),11,0.75,117.0,0.44283293187618256,25,90
Q-Seq (CWE #1),SGBS+DP(β4γ4),12,0.75,10.0,0.44283293187618256,3,76
Q-Seq (CWE #1),SGBS+DP(β4γ4),13,0.75,12.0,0.44283293187618256,1,38
Q-Seq (CWE #1),SGBS+DP(β4γ4),14,0.75,4.0,0.44283293187618256,1,61
Q-Seq (CWE #1),SGBS+DP(β4γ4),15,0.75,189.0,0.44283293187618256,9,68
Q-Seq (CWE #1),Greedy+DP,0,1.0,8.0,0.012884557247161865,2,100
Q-Seq (CWE #1),Greedy+DP,1,1.0,16.0,0.012884557247161865,7,100
Q-Seq (CWE #1),Greedy+DP,2,1.0,21.0,0.012884557247161865,3,80
Q-Seq (CWE #1),Greedy+DP,3,1.0,87.0,0.012884557247161865,7,80
Q-Seq (CWE #1),Greedy+DP,4,1.0,144.0,0.012884557247161865,12,80
Q-Seq (CWE #1),Greedy+DP,5,1.0,5.0,0.012884557247161865,3,50
Q-Seq (CWE #1),Greedy+DP,6,1.0,42.0,0.012884557247161865,5,50
Q-Seq (CWE #1),Greedy+DP,7,1.0,12.0,0.012884557247161865,3,80
Q-Seq (CWE #1),Greedy+DP,8,1.0,36.0,0.012884557247161865,4,100
Q-Seq (CWE #1),Greedy+DP,9,1.0,6.0,0.012884557247161865,2,100
Q-Seq (CWE #1),Greedy+DP,10,1.0,12.0,0.012884557247161865,5,50
Q-Seq (CWE #1),Greedy+DP,11,1.0,108.0,0.012884557247161865,25,100
Q-Seq (CWE #1),Greedy+DP,12,1.0,10.0,0.012884557247161865,3,100
Q-Seq (CWE #1),Greedy+DP,13,1.0,12.0,0.012884557247161865,1,50
Q-Seq (CWE #1),Greedy+DP,14,1.0,4.0,0.012884557247161865,1,80
Q-Seq (CWE #1),Greedy+DP,15,1.0,168.0,0.012884557247161865,9,80
Q-Seq (CWE #1),SGBS+DP(β4γ4),0,1.0,8.0,0.43750888109207153,2,100
Q-Seq (CWE #1),SGBS+DP(β4γ4),1,1.0,16.0,0.43750888109207153,7,100
Q-Seq (CWE #1),SGBS+DP(β4γ4),2,1.0,21.0,0.43750888109207153,3,80
Q-Seq (CWE #1),SGBS+DP(β4γ4),3,1.0,75.0,0.43750888109207153,7,80
Q-Seq (CWE #1),SGBS+DP(β4γ4),4,1.0,141.0,0.43750888109207153,12,80
Q-Seq (CWE #1),SGBS+DP(β4γ4),5,1.0,5.0,0.43750888109207153,3,50
Q-Seq (CWE #1),SGBS+DP(β4γ4),6,1.0,40.0,0.43750888109207153,5,50
Q-Seq (CWE #1),SGBS+DP(β4γ4),7,1.0,12.0,0.43750888109207153,3,80
Q-Seq (CWE #1),SGBS+DP(β4γ4),8,1.0,33.0,0.43750888109207153,4,100
Q-Seq (CWE #1),SGBS+DP(β4γ4),9,1.0,6.0,0.43750888109207153,2,100
Q-Seq (CWE #1),SGBS+DP(β4γ4),10,1.0,12.0,0.43750888109207153,5,50
Q-Seq (CWE #1),SGBS+DP(β4γ4),11,1.0,107.0,0.43750888109207153,25,100
Q-Seq (CWE #1),SGBS+DP(β4γ4),12,1.0,10.0,0.43750888109207153,3,100
Q-Seq (CWE #1),SGBS+DP(β4γ4),13,1.0,12.0,0.43750888109207153,1,50
Q-Seq (CWE #1),SGBS+DP(β4γ4),14,1.0,4.0,0.43750888109207153,1,80
Q-Seq (CWE #1),SGBS+DP(β4γ4),15,1.0,165.0,0.43750888109207153,9,80
Q-Seq (CWE #2),Greedy+DP,0,0.0,32.0,0.012448981404304504,2,4
Q-Seq (CWE #2),Greedy+DP,1,0.0,23.0,0.012448981404304504,7,16
Q-Seq (CWE #2),Greedy+DP,2,0.0,33.0,0.012448981404304504,3,7
Q-Seq (CWE #2),Greedy+DP,3,0.0,177.0,0.012448981404304504,7,19
Q-Seq (CWE #2),Greedy+DP,4,0.0,207.0,0.012448981404304504,12,33
Q-Seq (CWE #2),Greedy+DP,5,0.0,12.0,0.012448981404304504,3,5
Q-Seq (CWE #2),Greedy+DP,6,0.0,106.0,0.012448981404304504,5,18
Q-Seq (CWE #2),Greedy+DP,7,0.0,18.0,0.012448981404304504,3,4
Q-Seq (CWE #2),Greedy+DP,8,0.0,90.0,0.012448981404304504,4,11
Q-Seq (CWE #2),Greedy+DP,9,0.0,18.0,0.012448981404304504,2,2
Q-Seq (CWE #2),Greedy+DP,10,0.0,27.0,0.012448981404304504,5,12
Q-Seq (CWE #2),Greedy+DP,11,0.0,144.0,0.012448981404304504,25,61
Q-Seq (CWE #2),Greedy+DP,12,0.0,10.0,0.012448981404304504,3,5
Q-Seq (CWE #2),Greedy+DP,13,0.0,48.0,0.012448981404304504,1,4
Q-Seq (CWE #2),Greedy+DP,14,0.0,4.0,0.012448981404304504,1,4
Q-Seq (CWE #2),Greedy+DP,15,0.0,240.0,0.012448981404304504,9,32
Q-Seq (CWE #2),SGBS+DP(β4γ4),0,0.0,32.0,0.5270815491676331,2,4
Q-Seq (CWE #2),SGBS+DP(β4γ4),1,0.0,23.0,0.5270815491676331,7,16
Q-Seq (CWE #2),SGBS+DP(β4γ4),2,0.0,33.0,0.5270815491676331,3,7
Q-Seq (CWE #2),SGBS+DP(β4γ4),3,0.0,177.0,0.5270815491676331,7,19
Q-Seq (CWE #2),SGBS+DP(β4γ4),4,0.0,207.0,0.5270815491676331,12,33
Q-Seq (CWE #2),SGBS+DP(β4γ4),5,0.0,12.0,0.5270815491676331,3,5
Q-Seq (CWE #2),SGBS+DP(β4γ4),6,0.0,106.0,0.5270815491676331,5,18
Q-Seq (CWE #2),SGBS+DP(β4γ4),7,0.0,18.0,0.5270815491676331,3,4
Q-Seq (CWE #2),SGBS+DP(β4γ4),8,0.0,90.0,0.5270815491676331,4,11
Q-Seq (CWE #2),SGBS+DP(β4γ4),9,0.0,18.0,0.5270815491676331,2,2
Q-Seq (CWE #2),SGBS+DP(β4γ4),10,0.0,27.0,0.5270815491676331,5,12
Q-Seq (CWE #2),SGBS+DP(β4γ4),11,0.0,144.0,0.5270815491676331,25,61
Q-Seq (CWE #2),SGBS+DP(β4γ4),12,0.0,10.0,0.5270815491676331,3,5
Q-Seq (CWE #2),SGBS+DP(β4γ4),13,0.0,48.0,0.5270815491676331,1,4
Q-Seq (CWE #2),SGBS+DP(β4γ4),14,0.0,4.0,0.5270815491676331,1,4
Q-Seq (CWE #2),SGBS+DP(β4γ4),15,0.0,240.0,0.5270815491676331,9,32
Q-Seq (CWE #2),Greedy+DP,0,0.25,12.0,0.02178587019443512,2,28
Q-Seq (CWE #2),Greedy+DP,1,0.25,16.0,0.02178587019443512,7,37
Q-Seq (CWE #2),Greedy+DP,2,0.25,30.0,0.02178587019443512,3,25
Q-Seq (CWE #2),Greedy+DP,3,0.25,138.0,0.02178587019443512,7,34
Q-Seq (CWE #2),Greedy+DP,4,0.25,165.0,0.02178587019443512,12,44
Q-Seq (CWE #2),Greedy+DP,5,0.25,5.0,0.02178587019443512,3,16
Q-Seq (CWE #2),Greedy+DP,6,0.25,100.0,0.02178587019443512,5,26
Q-Seq (CWE #2),Greedy+DP,7,0.25,15.0,0.02178587019443512,3,23
Q-Seq (CWE #2),Greedy+DP,8,0.25,60.0,0.02178587019443512,4,33
Q-Seq (CWE #2),Greedy+DP,9,0.25,6.0,0.02178587019443512,2,26
Q-Seq (CWE #2),Greedy+DP,10,0.25,21.0,0.02178587019443512,5,21
Q-Seq (CWE #2),Greedy+DP,11,0.25,139.0,0.02178587019443512,25,70
Q-Seq (CWE #2),Greedy+DP,12,0.25,10.0,0.02178587019443512,3,28
Q-Seq (CWE #2),Greedy+DP,13,0.25,12.0,0.02178587019443512,1,15
Q-Seq (CWE #2),Greedy+DP,14,0.25,4.0,0.02178587019443512,1,23
Q-Seq (CWE #2),Greedy+DP,15,0.25,231.0,0.02178587019443512,9,44
Q-Seq (CWE #2),SGBS+DP(β4γ4),0,0.25,12.0,0.5011993199586868,2,28
Q-Seq (CWE #2),SGBS+DP(β4γ4),1,0.25,16.0,0.5011993199586868,7,37
Q-Seq (CWE #2),SGBS+DP(β4γ4),2,0.25,30.0,0.5011993199586868,3,25
Q-Seq (CWE #2),SGBS+DP(β4γ4),3,0.25,138.0,0.5011993199586868,7,34
Q-Seq (CWE #2),SGBS+DP(β4γ4),4,0.25,162.0,0.5011993199586868,12,44
Q-Seq (CWE #2),SGBS+DP(β4γ4),5,0.25,5.0,0.5011993199586868,3,16
Q-Seq (CWE #2),SGBS+DP(β4γ4),6,0.25,100.0,0.5011993199586868,5,26
Q-Seq (CWE #2),SGBS+DP(β4γ4),7,0.25,15.0,0.5011993199586868,3,23
Q-Seq (CWE #2),SGBS+DP(β4γ4),8,0.25,60.0,0.5011993199586868,4,33
Q-Seq (CWE #2),SGBS+DP(β4γ4),9,0.25,6.0,0.5011993199586868,2,26
Q-Seq (CWE #2),SGBS+DP(β4γ4),10,0.25,20.0,0.5011993199586868,5,21
Q-Seq (CWE #2),SGBS+DP(β4γ4),11,0.25,139.0,0.5011993199586868,25,70
Q-Seq (CWE #2),SGBS+DP(β4γ4),12,0.25,10.0,0.5011993199586868,3,28
Q-Seq (CWE #2),SGBS+DP(β4γ4),13,0.25,12.0,0.5011993199586868,1,15
Q-Seq (CWE #2),SGBS+DP(β4γ4),14,0.25,4.0,0.5011993199586868,1,23
Q-Seq (CWE #2),SGBS+DP(β4γ4),15,0.25,228.0,0.5011993199586868,9,44
Q-Seq (CWE #2),Greedy+DP,0,0.5,8.0,0.014255926012992859,2,52
Q-Seq (CWE #2),Greedy+DP,1,0.5,16.0,0.014255926012992859,7,58
Q-Seq (CWE #2),Greedy+DP,2,0.5,21.0,0.014255926012992859,3,43
Q-Seq (CWE #2),Greedy+DP,3,0.5,129.0,0.014255926012992859,7,49
Q-Seq (CWE #2),Greedy+DP,4,0.5,144.0,0.014255926012992859,12,56
Q-Seq (CWE #2),Greedy+DP,5,0.5,5.0,0.014255926012992859,3,27
Q-Seq (CWE #2),Greedy+DP,6,0.5,80.0,0.014255926012992859,5,34
Q-Seq (CWE #2),Greedy+DP,7,0.5,15.0,0.014255926012992859,3,42
Q-Seq (CWE #2),Greedy+DP,8,0.5,54.0,0.014255926012992859,4,55
Q-Seq (CWE #2),Greedy+DP,9,0.5,6.0,0.014255926012992859,2,51
Q-Seq (CWE #2),Greedy+DP,10,0.5,12.0,0.014255926012992859,5,31
Q-Seq (CWE #2),Greedy+DP,11,0.5,124.0,0.014255926012992859,25,80
Q-Seq (CWE #2),Greedy+DP,12,0.5,10.0,0.014255926012992859,3,52
Q-Seq (CWE #2),Greedy+DP,13,0.5,12.0,0.014255926012992859,1,27
Q-Seq (CWE #2),Greedy+DP,14,0.5,4.0,0.014255926012992859,1,42
Q-Seq (CWE #2),Greedy+DP,15,0.5,198.0,0.014255926012992859,9,56
Q-Seq (CWE #2),SGBS+DP(β4γ4),0,0.5,8.0,0.50654436647892,2,52
Q-Seq (CWE #2),SGBS+DP(β4γ4),1,0.5,16.0,0.50654436647892,7,58
Q-Seq (CWE #2),SGBS+DP(β4γ4),2,0.5,21.0,0.50654436647892,3,43
Q-Seq (CWE #2),SGBS+DP(β4γ4),3,0.5,126.0,0.50654436647892,7,49
Q-Seq (CWE #2),SGBS+DP(β4γ4),4,0.5,144.0,0.50654436647892,12,56
Q-Seq (CWE #2),SGBS+DP(β4γ4),5,0.5,5.0,0.50654436647892,3,27
Q-Seq (CWE #2),SGBS+DP(β4γ4),6,0.5,80.0,0.50654436647892,5,34
Q-Seq (CWE #2),SGBS+DP(β4γ4),7,0.5,15.0,0.50654436647892,3,42
Q-Seq (CWE #2),SGBS+DP(β4γ4),8,0.5,51.0,0.50654436647892,4,55
Q-Seq (CWE #2),SGBS+DP(β4γ4),9,0.5,6.0,0.50654436647892,2,51
Q-Seq (CWE #2),SGBS+DP(β4γ4),10,0.5,12.0,0.50654436647892,5,31
Q-Seq (CWE #2),SGBS+DP(β4γ4),11,0.5,124.0,0.50654436647892,25,80
Q-Seq (CWE #2),SGBS+DP(β4γ4),12,0.5,10.0,0.50654436647892,3,52
Q-Seq (CWE #2),SGBS+DP(β4γ4),13,0.5,12.0,0.50654436647892,1,27
Q-Seq (CWE #2),SGBS+DP(β4γ4),14,0.5,4.0,0.50654436647892,1,42
Q-Seq (CWE #2),SGBS+DP(β4γ4),15,0.5,195.0,0.50654436647892,9,56
Q-Seq (CWE #2),Greedy+DP,0,0.75,8.0,0.013864129781723022,2,76
Q-Seq (CWE #2),Greedy+DP,1,0.75,16.0,0.013864129781723022,7,79
Q-Seq (CWE #2),Greedy+DP,2,0.75,21.0,0.013864129781723022,3,61
Q-Seq (CWE #2),Greedy+DP,3,0.75,102.0,0.013864129781723022,7,64
Q-Seq (CWE #2),Greedy+DP,4,0.75,144.0,0.013864129781723022,12,68
Q-Seq (CWE #2),Greedy+DP,5,0.75,5.0,0.013864129781723022,3,38
Q-Seq (CWE #2),Greedy+DP,6,0.75,72.0,0.013864129781723022,5,42
Q-Seq (CWE #2),Greedy+DP,7,0.75,12.0,0.013864129781723022,3,61
Q-Seq (CWE #2),Greedy+DP,8,0.75,36.0,0.013864129781723022,4,77
Q-Seq (CWE #2),Greedy+DP,9,0.75,6.0,0.013864129781723022,2,75
Q-Seq (CWE #2),Greedy+DP,10,0.75,12.0,0.013864129781723022,5,40
Q-Seq (CWE #2),Greedy+DP,11,0.75,117.0,0.013864129781723022,25,90
Q-Seq (CWE #2),Greedy+DP,12,0.75,10.0,0.013864129781723022,3,76
Q-Seq (CWE #2),Greedy+DP,13,0.75,12.0,0.013864129781723022,1,38
Q-Seq (CWE #2),Greedy+DP,14,0.75,4.0,0.013864129781723022,1,61
Q-Seq (CWE #2),Greedy+DP,15,0.75,192.0,0.013864129781723022,9,68
Q-Seq (CWE #2),SGBS+DP(β4γ4),0,0.75,8.0,0.5775908827781677,2,76
Q-Seq (CWE #2),SGBS+DP(β4γ4),1,0.75,16.0,0.5775908827781677,7,79
Q-Seq (CWE #2),SGBS+DP(β4γ4),2,0.75,21.0,0.5775908827781677,3,61
Q-Seq (CWE #2),SGBS+DP(β4γ4),3,0.75,96.0,0.5775908827781677,7,64
Q-Seq (CWE #2),SGBS+DP(β4γ4),4,0.75,138.0,0.5775908827781677,12,68
Q-Seq (CWE #2),SGBS+DP(β4γ4),5,0.75,5.0,0.5775908827781677,3,38
Q-Seq (CWE #2),SGBS+DP(β4γ4),6,0.75,72.0,0.5775908827781677,5,42
Q-Seq (CWE #2),SGBS+DP(β4γ4),7,0.75,12.0,0.5775908827781677,3,61
Q-Seq (CWE #2),SGBS+DP(β4γ4),8,0.75,36.0,0.5775908827781677,4,77
Q-Seq (CWE #2),SGBS+DP(β4γ4),9,0.75,6.0,0.5775908827781677,2,75
Q-Seq (CWE #2),SGBS+DP(β4γ4),10,0.75,12.0,0.5775908827781677,5,40
Q-Seq (CWE #2),SGBS+DP(β4γ4),11,0.75,117.0,0.5775908827781677,25,90
Q-Seq (CWE #2),SGBS+DP(β4γ4),12,0.75,10.0,0.5775908827781677,3,76
Q-Seq (CWE #2),SGBS+DP(β4γ4),13,0.75,12.0,0.5775908827781677,1,38
Q-Seq (CWE #2),SGBS+DP(β4γ4),14,0.75,4.0,0.5775908827781677,1,61
Q-Seq (CWE #2),SGBS+DP(β4γ4),15,0.75,189.0,0.5775908827781677,9,68
Q-Seq (CWE #2),Greedy+DP,0,1.0,8.0,0.014126315712928772,2,100
Q-Seq (CWE #2),Greedy+DP,1,1.0,16.0,0.014126315712928772,7,100
Q-Seq (CWE #2),Greedy+DP,2,1.0,21.0,0.014126315712928772,3,80
Q-Seq (CWE #2),Greedy+DP,3,1.0,87.0,0.014126315712928772,7,80
Q-Seq (CWE #2),Greedy+DP,4,1.0,144.0,0.014126315712928772,12,80
Q-Seq (CWE #2),Greedy+DP,5,1.0,5.0,0.014126315712928772,3,50
Q-Seq (CWE #2),Greedy+DP,6,1.0,44.0,0.014126315712928772,5,50
Q-Seq (CWE #2),Greedy+DP,7,1.0,12.0,0.014126315712928772,3,80
Q-Seq (CWE #2),Greedy+DP,8,1.0,33.0,0.014126315712928772,4,100
Q-Seq (CWE #2),Greedy+DP,9,1.0,6.0,0.014126315712928772,2,100
Q-Seq (CWE #2),Greedy+DP,10,1.0,12.0,0.014126315712928772,5,50
Q-Seq (CWE #2),Greedy+DP,11,1.0,107.0,0.014126315712928772,25,100
Q-Seq (CWE #2),Greedy+DP,12,1.0,10.0,0.014126315712928772,3,100
Q-Seq (CWE #2),Greedy+DP,13,1.0,12.0,0.014126315712928772,1,50
Q-Seq (CWE #2),Greedy+DP,14,1.0,4.0,0.014126315712928772,1,80
Q-Seq (CWE #2),Greedy+DP,15,1.0,165.0,0.014126315712928772,9,80
Q-Seq (CWE #2),SGBS+DP(β4γ4),0,1.0,8.0,0.5042042434215546,2,100
Q-Seq (CWE #2),SGBS+DP(β4γ4),1,1.0,16.0,0.5042042434215546,7,100
Q-Seq (CWE #2),SGBS+DP(β4γ4),2,1.0,21.0,0.5042042434215546,3,80
Q-Seq (CWE #2),SGBS+DP(β4γ4),3,1.0,75.0,0.5042042434215546,7,80
Q-Seq (CWE #2),SGBS+DP(β4γ4),4,1.0,141.0,0.5042042434215546,12,80
Q-Seq (CWE #2),SGBS+DP(β4γ4),5,1.0,5.0,0.5042042434215546,3,50
Q-Seq (CWE #2),SGBS+DP(β4γ4),6,1.0,40.0,0.5042042434215546,5,50
Q-Seq (CWE #2),SGBS+DP(β4γ4),7,1.0,12.0,0.5042042434215546,3,80
Q-Seq (CWE #2),SGBS+DP(β4γ4),8,1.0,33.0,0.5042042434215546,4,100
Q-Seq (CWE #2),SGBS+DP(β4γ4),9,1.0,6.0,0.5042042434215546,2,100
Q-Seq (CWE #2),SGBS+DP(β4γ4),10,1.0,12.0,0.5042042434215546,5,50
Q-Seq (CWE #2),SGBS+DP(β4γ4),11,1.0,107.0,0.5042042434215546,25,100
Q-Seq (CWE #2),SGBS+DP(β4γ4),12,1.0,10.0,0.5042042434215546,3,100
Q-Seq (CWE #2),SGBS+DP(β4γ4),13,1.0,12.0,0.5042042434215546,1,50
Q-Seq (CWE #2),SGBS+DP(β4γ4),14,1.0,4.0,0.5042042434215546,1,80
Q-Seq (CWE #2),SGBS+DP(β4γ4),15,1.0,162.0,0.5042042434215546,9,80
Baseline (RandomQ),Greedy+DP,0,0.0,32.0,0.004484623670578003,2,4
Baseline (RandomQ),Greedy+DP,1,0.0,23.0,0.004484623670578003,7,16
Baseline (RandomQ),Greedy+DP,2,0.0,33.0,0.004484623670578003,3,7
Baseline (RandomQ),Greedy+DP,3,0.0,177.0,0.004484623670578003,7,19
Baseline (RandomQ),Greedy+DP,4,0.0,207.0,0.004484623670578003,12,33
Baseline (RandomQ),Greedy+DP,5,0.0,12.0,0.004484623670578003,3,5
Baseline (RandomQ),Greedy+DP,6,0.0,106.0,0.004484623670578003,5,18
Baseline (RandomQ),Greedy+DP,7,0.0,18.0,0.004484623670578003,3,4
Baseline (RandomQ),Greedy+DP,8,0.0,90.0,0.004484623670578003,4,11
Baseline (RandomQ),Greedy+DP,9,0.0,18.0,0.004484623670578003,2,2
Baseline (RandomQ),Greedy+DP,10,0.0,27.0,0.004484623670578003,5,12
Baseline (RandomQ),Greedy+DP,11,0.0,144.0,0.004484623670578003,25,61
Baseline (RandomQ),Greedy+DP,12,0.0,10.0,0.004484623670578003,3,5
Baseline (RandomQ),Greedy+DP,13,0.0,48.0,0.004484623670578003,1,4
Baseline (RandomQ),Greedy+DP,14,0.0,4.0,0.004484623670578003,1,4
Baseline (RandomQ),Greedy+DP,15,0.0,240.0,0.004484623670578003,9,32
Baseline (RandomQ),SGBS+DP(β4γ4),0,0.0,32.0,0.07894524931907654,2,4
Baseline (RandomQ),SGBS+DP(β4γ4),1,0.0,23.0,0.07894524931907654,7,16
Baseline (RandomQ),SGBS+DP(β4γ4),2,0.0,33.0,0.07894524931907654,3,7
Baseline (RandomQ),SGBS+DP(β4γ4),3,0.0,177.0,0.07894524931907654,7,19
Baseline (RandomQ),SGBS+DP(β4γ4),4,0.0,207.0,0.07894524931907654,12,33
Baseline (RandomQ),SGBS+DP(β4γ4),5,0.0,12.0,0.07894524931907654,3,5
Baseline (RandomQ),SGBS+DP(β4γ4),6,0.0,106.0,0.07894524931907654,5,18
Baseline (RandomQ),SGBS+DP(β4γ4),7,0.0,18.0,0.07894524931907654,3,4
Baseline (RandomQ),SGBS+DP(β4γ4),8,0.0,90.0,0.07894524931907654,4,11
Baseline (RandomQ),SGBS+DP(β4γ4),9,0.0,18.0,0.07894524931907654,2,2
Baseline (RandomQ),SGBS+DP(β4γ4),10,0.0,27.0,0.07894524931907654,5,12
Baseline (RandomQ),SGBS+DP(β4γ4),11,0.0,144.0,0.07894524931907654,25,61
Baseline (RandomQ),SGBS+DP(β4γ4),12,0.0,10.0,0.07894524931907654,3,5
Baseline (RandomQ),SGBS+DP(β4γ4),13,0.0,48.0,0.07894524931907654,1,4
Baseline (RandomQ),SGBS+DP(β4γ4),14,0.0,4.0,0.07894524931907654,1,4
Baseline (RandomQ),SGBS+DP(β4γ4),15,0.0,240.0,0.07894524931907654,9,32
Baseline (RandomQ),Greedy+DP,0,0.25,12.0,0.004658132791519165,2,28
Baseline (RandomQ),Greedy+DP,1,0.25,16.0,0.004658132791519165,7,37
Baseline (RandomQ),Greedy+DP,2,0.25,30.0,0.004658132791519165,3,25
Baseline (RandomQ),Greedy+DP,3,0.25,144.0,0.004658132791519165,7,34
Baseline (RandomQ),Greedy+DP,4,0.25,165.0,0.004658132791519165,12,44
Baseline (RandomQ),Greedy+DP,5,0.25,5.0,0.004658132791519165,3,16
Baseline (RandomQ),Greedy+DP,6,0.25,100.0,0.004658132791519165,5,26
Baseline (RandomQ),Greedy+DP,7,0.25,15.0,0.004658132791519165,3,23
Baseline (RandomQ),Greedy+DP,8,0.25,66.0,0.004658132791519165,4,33
Baseline (RandomQ),Greedy+DP,9,0.25,6.0,0.004658132791519165,2,26
Baseline (RandomQ),Greedy+DP,10,0.25,22.0,0.004658132791519165,5,21
Baseline (RandomQ),Greedy+DP,11,0.25,139.0,0.004658132791519165,25,70
Baseline (RandomQ),Greedy+DP,12,0.25,10.0,0.004658132791519165,3,28
Baseline (RandomQ),Greedy+DP,13,0.25,12.0,0.004658132791519165,1,15
Baseline (RandomQ),Greedy+DP,14,0.25,4.0,0.004658132791519165,1,23
Baseline (RandomQ),Greedy+DP,15,0.25,231.0,0.004658132791519165,9,44
Baseline (RandomQ),SGBS+DP(β4γ4),0,0.25,12.0,0.07980449497699738,2,28
Baseline (RandomQ),SGBS+DP(β4γ4),1,0.25,16.0,0.07980449497699738,7,37
Baseline (RandomQ),SGBS+DP(β4γ4),2,0.25,30.0,0.07980449497699738,3,25
Baseline (RandomQ),SGBS+DP(β4γ4),3,0.25,138.0,0.07980449497699738,7,34
Baseline (RandomQ),SGBS+DP(β4γ4),4,0.25,162.0,0.07980449497699738,12,44
Baseline (RandomQ),SGBS+DP(β4γ4),5,0.25,5.0,0.07980449497699738,3,16
Baseline (RandomQ),SGBS+DP(β4γ4),6,0.25,100.0,0.07980449497699738,5,26
Baseline (RandomQ),SGBS+DP(β4γ4),7,0.25,15.0,0.07980449497699738,3,23
Baseline (RandomQ),SGBS+DP(β4γ4),8,0.25,60.0,0.07980449497699738,4,33
Baseline (RandomQ),SGBS+DP(β4γ4),9,0.25,6.0,0.07980449497699738,2,26
Baseline (RandomQ),SGBS+DP(β4γ4),10,0.25,20.0,0.07980449497699738,5,21
Baseline (RandomQ),SGBS+DP(β4γ4),11,0.25,139.0,0.07980449497699738,25,70
Baseline (RandomQ),SGBS+DP(β4γ4),12,0.25,10.0,0.07980449497699738,3,28
Baseline (RandomQ),SGBS+DP(β4γ4),13,0.25,12.0,0.07980449497699738,1,15
Baseline (RandomQ),SGBS+DP(β4γ4),14,0.25,4.0,0.07980449497699738,1,23
Baseline (RandomQ),SGBS+DP(β4γ4),15,0.25,225.0,0.07980449497699738,9,44
Baseline (RandomQ),Greedy+DP,0,0.5,8.0,0.004692509770393372,2,52
Baseline (RandomQ),Greedy+DP,1,0.5,16.0,0.004692509770393372,7,58
Baseline (RandomQ),Greedy+DP,2,0.5,21.0,0.004692509770393372,3,43
Baseline (RandomQ),Greedy+DP,3,0.5,126.0,0.004692509770393372,7,49
Baseline (RandomQ),Greedy+DP,4,0.5,147.0,0.004692509770393372,12,56
Baseline (RandomQ),Greedy+DP,5,0.5,5.0,0.004692509770393372,3,27
Baseline (RandomQ),Greedy+DP,6,0.5,82.0,0.004692509770393372,5,34
Baseline (RandomQ),Greedy+DP,7,0.5,15.0,0.004692509770393372,3,42
Baseline (RandomQ),Greedy+DP,8,0.5,51.0,0.004692509770393372,4,55
Baseline (RandomQ),Greedy+DP,9,0.5,6.0,0.004692509770393372,2,51
Baseline (RandomQ),Greedy+DP,10,0.5,12.0,0.004692509770393372,5,31
Baseline (RandomQ),Greedy+DP,11,0.5,125.0,0.004692509770393372,25,80
Baseline (RandomQ),Greedy+DP,12,0.5,10.0,0.004692509770393372,3,52
Baseline (RandomQ),Greedy+DP,13,0.5,12.0,0.004692509770393372,1,27
Baseline (RandomQ),Greedy+DP,14,0.5,4.0,0.004692509770393372,1,42
Baseline (RandomQ),Greedy+DP,15,0.5,198.0,0.004692509770393372,9,56
Baseline (RandomQ),SGBS+DP(β4γ4),0,0.5,8.0,0.08213530480861664,2,52
Baseline (RandomQ),SGBS+DP(β4γ4),1,0.5,16.0,0.08213530480861664,7,58
Baseline (RandomQ),SGBS+DP(β4γ4),2,0.5,21.0,0.08213530480861664,3,43
Baseline (RandomQ),SGBS+DP(β4γ4),3,0.5,126.0,0.08213530480861664,7,49
Baseline (RandomQ),SGBS+DP(β4γ4),4,0.5,144.0,0.08213530480861664,12,56
Baseline (RandomQ),SGBS+DP(β4γ4),5,0.5,5.0,0.08213530480861664,3,27
Baseline (RandomQ),SGBS+DP(β4γ4),6,0.5,80.0,0.08213530480861664,5,34
Baseline (RandomQ),SGBS+DP(β4γ4),7,0.5,15.0,0.08213530480861664,3,42
Baseline (RandomQ),SGBS+DP(β4γ4),8,0.5,51.0,0.08213530480861664,4,55
Baseline (RandomQ),SGBS+DP(β4γ4),9,0.5,6.0,0.08213530480861664,2,51
Baseline (RandomQ),SGBS+DP(β4γ4),10,0.5,12.0,0.08213530480861664,5,31
Baseline (RandomQ),SGBS+DP(β4γ4),11,0.5,124.0,0.08213530480861664,25,80
Baseline (RandomQ),SGBS+DP(β4γ4),12,0.5,10.0,0.08213530480861664,3,52
Baseline (RandomQ),SGBS+DP(β4γ4),13,0.5,12.0,0.08213530480861664,1,27
Baseline (RandomQ),SGBS+DP(β4γ4),14,0.5,4.0,0.08213530480861664,1,42
Baseline (RandomQ),SGBS+DP(β4γ4),15,0.5,195.0,0.08213530480861664,9,56
Baseline (RandomQ),Greedy+DP,0,0.75,8.0,0.004865631461143494,2,76
Baseline (RandomQ),Greedy+DP,1,0.75,16.0,0.004865631461143494,7,79
Baseline (RandomQ),Greedy+DP,2,0.75,21.0,0.004865631461143494,3,61
Baseline (RandomQ),Greedy+DP,3,0.75,99.0,0.004865631461143494,7,64
Baseline (RandomQ),Greedy+DP,4,0.75,144.0,0.004865631461143494,12,68
Baseline (RandomQ),Greedy+DP,5,0.75,5.0,0.004865631461143494,3,38
Baseline (RandomQ),Greedy+DP,6,0.75,78.0,0.004865631461143494,5,42
Baseline (RandomQ),Greedy+DP,7,0.75,12.0,0.004865631461143494,3,61
Baseline (RandomQ),Greedy+DP,8,0.75,42.0,0.004865631461143494,4,77
Baseline (RandomQ),Greedy+DP,9,0.75,6.0,0.004865631461143494,2,75
Baseline (RandomQ),Greedy+DP,10,0.75,12.0,0.004865631461143494,5,40
Baseline (RandomQ),Greedy+DP,11,0.75,117.0,0.004865631461143494,25,90
Baseline (RandomQ),Greedy+DP,12,0.75,10.0,0.004865631461143494,3,76
Baseline (RandomQ),Greedy+DP,13,0.75,12.0,0.004865631461143494,1,38
Baseline (RandomQ),Greedy+DP,14,0.75,4.0,0.004865631461143494,1,61
Baseline (RandomQ),Greedy+DP,15,0.75,192.0,0.004865631461143494,9,68
Baseline (RandomQ),SGBS+DP(β4γ4),0,0.75,8.0,0.08034838736057281,2,76
Baseline (RandomQ),SGBS+DP(β4γ4),1,0.75,16.0,0.08034838736057281,7,79
Baseline (RandomQ),SGBS+DP(β4γ4),2,0.75,21.0,0.08034838736057281,3,61
Baseline (RandomQ),SGBS+DP(β4γ4),3,0.75,93.0,0.08034838736057281,7,64
Baseline (RandomQ),SGBS+DP(β4γ4),4,0.75,138.0,0.08034838736057281,12,68
Baseline (RandomQ),SGBS+DP(β4γ4),5,0.75,5.0,0.08034838736057281,3,38
Baseline (RandomQ),SGBS+DP(β4γ4),6,0.75,72.0,0.08034838736057281,5,42
Baseline (RandomQ),SGBS+DP(β4γ4),7,0.75,12.0,0.08034838736057281,3,61
Baseline (RandomQ),SGBS+DP(β4γ4),8,0.75,36.0,0.08034838736057281,4,77
Baseline (RandomQ),SGBS+DP(β4γ4),9,0.75,6.0,0.08034838736057281,2,75
Baseline (RandomQ),SGBS+DP(β4γ4),10,0.75,12.0,0.08034838736057281,5,40
Baseline (RandomQ),SGBS+DP(β4γ4),11,0.75,117.0,0.08034838736057281,25,90
Baseline (RandomQ),SGBS+DP(β4γ4),12,0.75,10.0,0.08034838736057281,3,76
Baseline (RandomQ),SGBS+DP(β4γ4),13,0.75,12.0,0.08034838736057281,1,38
Baseline (RandomQ),SGBS+DP(β4γ4),14,0.75,4.0,0.08034838736057281,1,61
Baseline (RandomQ),SGBS+DP(β4γ4),15,0.75,189.0,0.08034838736057281,9,68
Baseline (RandomQ),Greedy+DP,0,1.0,8.0,0.004906684160232544,2,100
Baseline (RandomQ),Greedy+DP,1,1.0,16.0,0.004906684160232544,7,100
Baseline (RandomQ),Greedy+DP,2,1.0,21.0,0.004906684160232544,3,80
Baseline (RandomQ),Greedy+DP,3,1.0,78.0,0.004906684160232544,7,80
Baseline (RandomQ),Greedy+DP,4,1.0,144.0,0.004906684160232544,12,80
Baseline (RandomQ),Greedy+DP,5,1.0,5.0,0.004906684160232544,3,50
Baseline (RandomQ),Greedy+DP,6,1.0,42.0,0.004906684160232544,5,50
Baseline (RandomQ),Greedy+DP,7,1.0,12.0,0.004906684160232544,3,80
Baseline (RandomQ),Greedy+DP,8,1.0,36.0,0.004906684160232544,4,100
Baseline (RandomQ),Greedy+DP,9,1.0,6.0,0.004906684160232544,2,100
Baseline (RandomQ),Greedy+DP,10,1.0,12.0,0.004906684160232544,5,50
Baseline (RandomQ),Greedy+DP,11,1.0,107.0,0.004906684160232544,25,100
Baseline (RandomQ),Greedy+DP,12,1.0,10.0,0.004906684160232544,3,100
Baseline (RandomQ),Greedy+DP,13,1.0,12.0,0.004906684160232544,1,50
Baseline (RandomQ),Greedy+DP,14,1.0,4.0,0.004906684160232544,1,80
Baseline (RandomQ),Greedy+DP,15,1.0,165.0,0.004906684160232544,9,80
Baseline (RandomQ),SGBS+DP(β4γ4),0,1.0,8.0,0.07376344501972198,2,100
Baseline (RandomQ),SGBS+DP(β4γ4),1,1.0,16.0,0.07376344501972198,7,100
Baseline (RandomQ),SGBS+DP(β4γ4),2,1.0,21.0,0.07376344501972198,3,80
Baseline (RandomQ),SGBS+DP(β4γ4),3,1.0,75.0,0.07376344501972198,7,80
Baseline (RandomQ),SGBS+DP(β4γ4),4,1.0,138.0,0.07376344501972198,12,80
Baseline (RandomQ),SGBS+DP(β4γ4),5,1.0,5.0,0.07376344501972198,3,50
Baseline (RandomQ),SGBS+DP(β4γ4),6,1.0,40.0,0.07376344501972198,5,50
Baseline (RandomQ),SGBS+DP(β4γ4),7,1.0,12.0,0.07376344501972198,3,80
Baseline (RandomQ),SGBS+DP(β4γ4),8,1.0,33.0,0.07376344501972198,4,100
Baseline (RandomQ),SGBS+DP(β4γ4),9,1.0,6.0,0.07376344501972198,2,100
Baseline (RandomQ),SGBS+DP(β4γ4),10,1.0,12.0,0.07376344501972198,5,50
Baseline (RandomQ),SGBS+DP(β4γ4),11,1.0,107.0,0.07376344501972198,25,100
Baseline (RandomQ),SGBS+DP(β4γ4),12,1.0,10.0,0.07376344501972198,3,100
Baseline (RandomQ),SGBS+DP(β4γ4),13,1.0,12.0,0.07376344501972198,1,50
Baseline (RandomQ),SGBS+DP(β4γ4),14,1.0,4.0,0.07376344501972198,1,80
Baseline (RandomQ),SGBS+DP(β4γ4),15,1.0,162.0,0.07376344501972198,9,80
Baseline,SPT+DP,0,0.0,32.0,8.213520050048828e-05,2,4
Baseline,SPT+DP,1,0.0,23.0,8.213520050048828e-05,7,16
Baseline,SPT+DP,2,0.0,33.0,8.213520050048828e-05,3,7
Baseline,SPT+DP,3,0.0,177.0,8.213520050048828e-05,7,19
Baseline,SPT+DP,4,0.0,207.0,8.213520050048828e-05,12,33
Baseline,SPT+DP,5,0.0,12.0,8.213520050048828e-05,3,5
Baseline,SPT+DP,6,0.0,106.0,8.213520050048828e-05,5,18
Baseline,SPT+DP,7,0.0,18.0,8.213520050048828e-05,3,4
Baseline,SPT+DP,8,0.0,90.0,8.213520050048828e-05,4,11
Baseline,SPT+DP,9,0.0,18.0,8.213520050048828e-05,2,2
Baseline,SPT+DP,10,0.0,27.0,8.213520050048828e-05,5,12
Baseline,SPT+DP,11,0.0,144.0,8.213520050048828e-05,25,61
Baseline,SPT+DP,12,0.0,10.0,8.213520050048828e-05,3,5
Baseline,SPT+DP,13,0.0,48.0,8.213520050048828e-05,1,4
Baseline,SPT+DP,14,0.0,4.0,8.213520050048828e-05,1,4
Baseline,SPT+DP,15,0.0,240.0,8.213520050048828e-05,9,32
Baseline,LPT+DP,0,0.0,32.0,8.156895637512207e-05,2,4
Baseline,LPT+DP,1,0.0,23.0,8.156895637512207e-05,7,16
Baseline,LPT+DP,2,0.0,33.0,8.156895637512207e-05,3,7
Baseline,LPT+DP,3,0.0,177.0,8.156895637512207e-05,7,19
Baseline,LPT+DP,4,0.0,207.0,8.156895637512207e-05,12,33
Baseline,LPT+DP,5,0.0,12.0,8.156895637512207e-05,3,5
Baseline,LPT+DP,6,0.0,106.0,8.156895637512207e-05,5,18
Baseline,LPT+DP,7,0.0,18.0,8.156895637512207e-05,3,4
Baseline,LPT+DP,8,0.0,90.0,8.156895637512207e-05,4,11
Baseline,LPT+DP,9,0.0,18.0,8.156895637512207e-05,2,2
Baseline,LPT+DP,10,0.0,27.0,8.156895637512207e-05,5,12
Baseline,LPT+DP,11,0.0,144.0,8.156895637512207e-05,25,61
Baseline,LPT+DP,12,0.0,10.0,8.156895637512207e-05,3,5
Baseline,LPT+DP,13,0.0,48.0,8.156895637512207e-05,1,4
Baseline,LPT+DP,14,0.0,4.0,8.156895637512207e-05,1,4
Baseline,LPT+DP,15,0.0,240.0,8.156895637512207e-05,9,32
Baseline,SPT+DP,0,0.25,12.0,0.00018206238746643066,2,28
Baseline,SPT+DP,1,0.25,16.0,0.00018206238746643066,7,37
Baseline,SPT+DP,2,0.25,30.0,0.00018206238746643066,3,25
Baseline,SPT+DP,3,0.25,141.0,0.00018206238746643066,7,34
Baseline,SPT+DP,4,0.25,168.0,0.00018206238746643066,12,44
Baseline,SPT+DP,5,0.25,5.0,0.00018206238746643066,3,16
Baseline,SPT+DP,6,0.25,100.0,0.00018206238746643066,5,26
Baseline,SPT+DP,7,0.25,18.0,0.00018206238746643066,3,23
Baseline,SPT+DP,8,0.25,66.0,0.00018206238746643066,4,33
Baseline,SPT+DP,9,0.25,6.0,0.00018206238746643066,2,26
Baseline,SPT+DP,10,0.25,22.0,0.00018206238746643066,5,21
Baseline,SPT+DP,11,0.25,139.0,0.00018206238746643066,25,70
Baseline,SPT+DP,12,0.25,10.0,0.00018206238746643066,3,28
Baseline,SPT+DP,13,0.25,12.0,0.00018206238746643066,1,15
Baseline,SPT+DP,14,0.25,4.0,0.00018206238746643066,1,23
Baseline,SPT+DP,15,0.25,231.0,0.00018206238746643066,9,44
Baseline,LPT+DP,0,0.25,12.0,0.0001774430274963379,2,28
Baseline,LPT+DP,1,0.25,16.0,0.0001774430274963379,7,37
Baseline,LPT+DP,2,0.25,30.0,0.0001774430274963379,3,25
Baseline,LPT+DP,3,0.25,141.0,0.0001774430274963379,7,34
Baseline,LPT+DP,4,0.25,162.0,0.0001774430274963379,12,44
Baseline,LPT+DP,5,0.25,5.0,0.0001774430274963379,3,16
Baseline,LPT+DP,6,0.25,100.0,0.0001774430274963379,5,26
Baseline,LPT+DP,7,0.25,15.0,0.0001774430274963379,3,23
Baseline,LPT+DP,8,0.25,60.0,0.0001774430274963379,4,33
Baseline,LPT+DP,9,0.25,6.0,0.0001774430274963379,2,26
Baseline,LPT+DP,10,0.25,21.0,0.0001774430274963379,5,21
Baseline,LPT+DP,11,0.25,139.0,0.0001774430274963379,25,70
Baseline,LPT+DP,12,0.25,10.0,0.0001774430274963379,3,28
Baseline,LPT+DP,13,0.25,12.0,0.0001774430274963379,1,15
Baseline,LPT+DP,14,0.25,4.0,0.0001774430274963379,1,23
Baseline,LPT+DP,15,0.25,231.0,0.0001774430274963379,9,44
Baseline,SPT+DP,0,0.5,8.0,0.0002904534339904785,2,52
Baseline,SPT+DP,1,0.5,16.0,0.0002904534339904785,7,58
Baseline,SPT+DP,2,0.5,21.0,0.0002904534339904785,3,43
Baseline,SPT+DP,3,0.5,135.0,0.0002904534339904785,7,49
Baseline,SPT+DP,4,0.5,153.0,0.0002904534339904785,12,56
Baseline,SPT+DP,5,0.5,5.0,0.0002904534339904785,3,27
Baseline,SPT+DP,6,0.5,80.0,0.0002904534339904785,5,34
Baseline,SPT+DP,7,0.5,18.0,0.0002904534339904785,3,42
Baseline,SPT+DP,8,0.5,51.0,0.0002904534339904785,4,55
Baseline,SPT+DP,9,0.5,6.0,0.0002904534339904785,2,51
Baseline,SPT+DP,10,0.5,12.0,0.0002904534339904785,5,31
Baseline,SPT+DP,11,0.5,125.0,0.0002904534339904785,25,80
Baseline,SPT+DP,12,0.5,10.0,0.0002904534339904785,3,52
Baseline,SPT+DP,13,0.5,12.0,0.0002904534339904785,1,27
Baseline,SPT+DP,14,0.5,4.0,0.0002904534339904785,1,42
Baseline,SPT+DP,15,0.5,195.0,0.0002904534339904785,9,56
Baseline,LPT+DP,0,0.5,8.0,0.0002850145101547241,2,52
Baseline,LPT+DP,1,0.5,16.0,0.0002850145101547241,7,58
Baseline,LPT+DP,2,0.5,21.0,0.0002850145101547241,3,43
Baseline,LPT+DP,3,0.5,129.0,0.0002850145101547241,7,49
Baseline,LPT+DP,4,0.5,147.0,0.0002850145101547241,12,56
Baseline,LPT+DP,5,0.5,5.0,0.0002850145101547241,3,27
Baseline,LPT+DP,6,0.5,86.0,0.0002850145101547241,5,34
Baseline,LPT+DP,7,0.5,15.0,0.0002850145101547241,3,42
Baseline,LPT+DP,8,0.5,54.0,0.0002850145101547241,4,55
Baseline,LPT+DP,9,0.5,6.0,0.0002850145101547241,2,51
Baseline,LPT+DP,10,0.5,14.0,0.0002850145101547241,5,31
Baseline,LPT+DP,11,0.5,125.0,0.0002850145101547241,25,80
Baseline,LPT+DP,12,0.5,10.0,0.0002850145101547241,3,52
Baseline,LPT+DP,13,0.5,12.0,0.0002850145101547241,1,27
Baseline,LPT+DP,14,0.5,4.0,0.0002850145101547241,1,42
Baseline,LPT+DP,15,0.5,195.0,0.0002850145101547241,9,56
Baseline,SPT+DP,0,0.75,8.0,0.00039856135845184326,2,76
Baseline,SPT+DP,1,0.75,16.0,0.00039856135845184326,7,79
Baseline,SPT+DP,2,0.75,21.0,0.00039856135845184326,3,61
Baseline,SPT+DP,3,0.75,102.0,0.00039856135845184326,7,64
Baseline,SPT+DP,4,0.75,147.0,0.00039856135845184326,12,68
Baseline,SPT+DP,5,0.75,5.0,0.00039856135845184326,3,38
Baseline,SPT+DP,6,0.75,72.0,0.00039856135845184326,5,42
Baseline,SPT+DP,7,0.75,18.0,0.00039856135845184326,3,61
Baseline,SPT+DP,8,0.75,39.0,0.00039856135845184326,4,77
Baseline,SPT+DP,9,0.75,6.0,0.00039856135845184326,2,75
Baseline,SPT+DP,10,0.75,12.0,0.00039856135845184326,5,40
Baseline,SPT+DP,11,0.75,117.0,0.00039856135845184326,25,90
Baseline,SPT+DP,12,0.75,10.0,0.00039856135845184326,3,76
Baseline,SPT+DP,13,0.75,12.0,0.00039856135845184326,1,38
Baseline,SPT+DP,14,0.75,4.0,0.00039856135845184326,1,61
Baseline,SPT+DP,15,0.75,192.0,0.00039856135845184326,9,68
Baseline,LPT+DP,0,0.75,8.0,0.00039412081241607666,2,76
Baseline,LPT+DP,1,0.75,16.0,0.00039412081241607666,7,79
Baseline,LPT+DP,2,0.75,21.0,0.00039412081241607666,3,61
Baseline,LPT+DP,3,0.75,102.0,0.00039412081241607666,7,64
Baseline,LPT+DP,4,0.75,144.0,0.00039412081241607666,12,68
Baseline,LPT+DP,5,0.75,5.0,0.00039412081241607666,3,38
Baseline,LPT+DP,6,0.75,74.0,0.00039412081241607666,5,42
Baseline,LPT+DP,7,0.75,12.0,0.00039412081241607666,3,61
Baseline,LPT+DP,8,0.75,42.0,0.00039412081241607666,4,77
Baseline,LPT+DP,9,0.75,6.0,0.00039412081241607666,2,75
Baseline,LPT+DP,10,0.75,12.0,0.00039412081241607666,5,40
Baseline,LPT+DP,11,0.75,118.0,0.00039412081241607666,25,90
Baseline,LPT+DP,12,0.75,10.0,0.00039412081241607666,3,76
Baseline,LPT+DP,13,0.75,12.0,0.00039412081241607666,1,38
Baseline,LPT+DP,14,0.75,4.0,0.00039412081241607666,1,61
Baseline,LPT+DP,15,0.75,186.0,0.00039412081241607666,9,68
Baseline,SPT+DP,0,1.0,8.0,0.0005080550909042358,2,100
Baseline,SPT+DP,1,1.0,16.0,0.0005080550909042358,7,100
Baseline,SPT+DP,2,1.0,21.0,0.0005080550909042358,3,80
Baseline,SPT+DP,3,1.0,78.0,0.0005080550909042358,7,80
Baseline,SPT+DP,4,1.0,147.0,0.0005080550909042358,12,80
Baseline,SPT+DP,5,1.0,5.0,0.0005080550909042358,3,50
Baseline,SPT+DP,6,1.0,44.0,0.0005080550909042358,5,50
Baseline,SPT+DP,7,1.0,12.0,0.0005080550909042358,3,80
Baseline,SPT+DP,8,1.0,33.0,0.0005080550909042358,4,100
Baseline,SPT+DP,9,1.0,6.0,0.0005080550909042358,2,100
Baseline,SPT+DP,10,1.0,12.0,0.0005080550909042358,5,50
Baseline,SPT+DP,11,1.0,108.0,0.0005080550909042358,25,100
Baseline,SPT+DP,12,1.0,10.0,0.0005080550909042358,3,100
Baseline,SPT+DP,13,1.0,12.0,0.0005080550909042358,1,50
Baseline,SPT+DP,14,1.0,4.0,0.0005080550909042358,1,80
Baseline,SPT+DP,15,1.0,168.0,0.0005080550909042358,9,80
Baseline,LPT+DP,0,1.0,8.0,0.0005010515451431274,2,100
Baseline,LPT+DP,1,1.0,16.0,0.0005010515451431274,7,100
Baseline,LPT+DP,2,1.0,21.0,0.0005010515451431274,3,80
Baseline,LPT+DP,3,1.0,87.0,0.0005010515451431274,7,80
Baseline,LPT+DP,4,1.0,144.0,0.0005010515451431274,12,80
Baseline,LPT+DP,5,1.0,5.0,0.0005010515451431274,3,50
Baseline,LPT+DP,6,1.0,42.0,0.0005010515451431274,5,50
Baseline,LPT+DP,7,1.0,12.0,0.0005010515451431274,3,80
Baseline,LPT+DP,8,1.0,36.0,0.0005010515451431274,4,100
Baseline,LPT+DP,9,1.0,6.0,0.0005010515451431274,2,100
Baseline,LPT+DP,10,1.0,12.0,0.0005010515451431274,5,50
Baseline,LPT+DP,11,1.0,108.0,0.0005010515451431274,25,100
Baseline,LPT+DP,12,1.0,10.0,0.0005010515451431274,3,100
Baseline,LPT+DP,13,1.0,12.0,0.0005010515451431274,1,50
Baseline,LPT+DP,14,1.0,4.0,0.0005010515451431274,1,80
Baseline,LPT+DP,15,1.0,162.0,0.0005010515451431274,9,80
