instance_seed,category,N,M,D,K,assign_alpha,assign_uniform_mix,epsilon,loads,u,total_energy,makespan,solve_s,method,beam,prune_factor
37472.0,small,25.0,3.0,3.0,60.0,1.2,0.15,60.0,39;60;45,2;1;3,1394.0,60.0,0.040871066972613335,exact,80.0,2.0
37472.0,small,25.0,3.0,3.0,60.0,1.2,0.15,60.0,39;60;45,2;1;3,1394.0,60.0,0.11601733625866473,guided,80.0,2.0
48833.0,small,27.0,6.0,3.0,60.0,1.2,0.15,60.0,28;7;41;56;13;24,1;3;2;1;3;2,1306.0,60.0,0.04681121069006622,exact,80.0,2.0
48833.0,small,27.0,6.0,3.0,60.0,1.2,0.15,60.0,28;7;41;56;13;24,1;3;2;1;3;2,1306.0,60.0,0.09496866725385189,guided,80.0,2.0
48833.0,small,27.0,6.0,3.0,60.0,1.2,0.15,59.0,28;7;41;56;13;24,1;3;2;1;3;2,1307.0,59.0,0.0445101629011333,exact,80.0,2.0
48833.0,small,27.0,6.0,3.0,60.0,1.2,0.15,59.0,28;7;41;56;13;24,1;3;2;1;3;2,1307.0,59.0,0.07980851083993912,guided,80.0,2.0
48833.0,small,27.0,6.0,3.0,60.0,1.2,0.15,58.0,28;7;41;56;13;24,1;3;2;1;3;2,1308.0,58.0,0.04475200502201915,exact,80.0,2.0
48833.0,small,27.0,6.0,3.0,60.0,1.2,0.15,58.0,28;7;41;56;13;24,1;3;2;1;3;2,1308.0,58.0,0.06326790479943156,guided,80.0,2.0
48833.0,small,27.0,6.0,3.0,60.0,1.2,0.15,57.0,28;7;41;56;13;24,1;3;2;1;3;2,1317.0,57.0,0.04306409205310047,exact,80.0,2.0
48833.0,small,27.0,6.0,3.0,60.0,1.2,0.15,57.0,28;7;41;56;13;24,1;3;2;1;3;2,1317.0,57.0,0.02449736767448485,guided,80.0,2.0
48833.0,small,27.0,6.0,3.0,60.0,1.2,0.15,56.0,28;7;41;56;13;24,1;3;2;1;3;2,1322.0,56.0,0.041476981714367867,exact,80.0,2.0
48833.0,small,27.0,6.0,3.0,60.0,1.2,0.15,56.0,28;7;41;56;13;24,1;3;2;1;3;2,1322.0,56.0,0.017991696251556277,guided,80.0,2.0
52076.0,small,47.0,4.0,2.0,40.0,1.2,0.15,40.0,18;36;37;37,3;3;3;3,1968.0,40.0,0.024943138007074594,exact,80.0,2.0
52076.0,small,47.0,4.0,2.0,40.0,1.2,0.15,40.0,18;36;37;37,3;3;3;3,1968.0,40.0,0.027199739823117852,guided,80.0,2.0
52076.0,small,47.0,4.0,2.0,40.0,1.2,0.15,39.0,18;36;37;37,3;3;3;3,1977.0,39.0,0.02438633982092142,exact,80.0,2.0
52076.0,small,47.0,4.0,2.0,40.0,1.2,0.15,39.0,18;36;37;37,3;3;3;3,1977.0,39.0,0.02217692881822586,guided,80.0,2.0
52076.0,small,47.0,4.0,2.0,40.0,1.2,0.15,38.0,18;36;37;37,3;3;3;3,1986.0,38.0,0.024715071311220527,exact,80.0,2.0
52076.0,small,47.0,4.0,2.0,40.0,1.2,0.15,38.0,18;36;37;37,3;3;3;3,1986.0,38.0,0.017126950901001692,guided,80.0,2.0
52076.0,small,47.0,4.0,2.0,40.0,1.2,0.15,37.0,18;36;37;37,3;3;3;3,2019.0,37.0,0.023292650934308767,exact,80.0,2.0
52076.0,small,47.0,4.0,2.0,40.0,1.2,0.15,37.0,18;36;37;37,3;3;3;3,2019.0,37.0,0.011163614224642515,guided,80.0,2.0
78886.0,small,49.0,6.0,4.0,80.0,1.2,0.15,80.0,73;38;48;39;74;65,1;3;2;3;2;2,3362.0,80.0,0.0976108422037214,exact,80.0,2.0
78886.0,small,49.0,6.0,4.0,80.0,1.2,0.15,80.0,73;38;48;39;74;65,1;3;2;3;2;2,3363.0,80.0,0.3063827462028712,guided,80.0,2.0
78886.0,small,49.0,6.0,4.0,80.0,1.2,0.15,79.0,73;38;48;39;74;65,1;3;2;3;2;2,3367.0,79.0,0.09916550759226084,exact,80.0,2.0
78886.0,small,49.0,6.0,4.0,80.0,1.2,0.15,79.0,73;38;48;39;74;65,1;3;2;3;2;2,3367.0,79.0,0.30034169857390225,guided,80.0,2.0
78886.0,small,49.0,6.0,4.0,80.0,1.2,0.15,78.0,73;38;48;39;74;65,1;3;2;3;2;2,3372.0,78.0,0.09910647966898978,exact,80.0,2.0
78886.0,small,49.0,6.0,4.0,80.0,1.2,0.15,78.0,73;38;48;39;74;65,1;3;2;3;2;2,3372.0,78.0,0.30255990382283926,guided,80.0,2.0
78886.0,small,49.0,6.0,4.0,80.0,1.2,0.15,77.0,73;38;48;39;74;65,1;3;2;3;2;2,3383.0,77.0,0.09700965182855725,exact,80.0,2.0
78886.0,small,49.0,6.0,4.0,80.0,1.2,0.15,77.0,73;38;48;39;74;65,1;3;2;3;2;2,3383.0,77.0,0.24997812323272228,guided,80.0,2.0
78886.0,small,49.0,6.0,4.0,80.0,1.2,0.15,76.0,73;38;48;39;74;65,1;3;2;3;2;2,3402.0,76.0,0.09392016800120473,exact,80.0,2.0
78886.0,small,49.0,6.0,4.0,80.0,1.2,0.15,76.0,73;38;48;39;74;65,1;3;2;3;2;2,3402.0,76.0,0.2317094299942255,guided,80.0,2.0
78886.0,small,49.0,6.0,4.0,80.0,1.2,0.15,75.0,73;38;48;39;74;65,1;3;2;3;2;2,3421.0,75.0,0.09418706898577511,exact,80.0,2.0
78886.0,small,49.0,6.0,4.0,80.0,1.2,0.15,75.0,73;38;48;39;74;65,1;3;2;3;2;2,3421.0,75.0,0.20606374787166715,guided,80.0,2.0
78886.0,small,49.0,6.0,4.0,80.0,1.2,0.15,74.0,73;38;48;39;74;65,1;3;2;3;2;2,3458.0,74.0,0.0916505150962621,exact,80.0,2.0
78886.0,small,49.0,6.0,4.0,80.0,1.2,0.15,74.0,73;38;48;39;74;65,1;3;2;3;2;2,3458.0,74.0,0.16527288896031678,guided,80.0,2.0
80773.0,small,47.0,6.0,3.0,60.0,1.2,0.15,60.0,45;44;40;43;56;60,3;3;3;3;2;3,4148.0,60.0,0.05640652007423341,exact,80.0,2.0
80773.0,small,47.0,6.0,3.0,60.0,1.2,0.15,60.0,45;44;40;43;56;60,3;3;3;3;2;3,4148.0,60.0,0.08161235204897821,guided,80.0,2.0
97723.0,small,33.0,7.0,4.0,80.0,1.2,0.15,80.0,7;21;28;16;10;42;72,2;2;2;3;3;2;1,1582.0,80.0,0.07714664028026164,exact,80.0,2.0
97723.0,small,33.0,7.0,4.0,80.0,1.2,0.15,80.0,7;21;28;16;10;42;72,2;2;2;3;3;2;1,1584.0,80.0,0.22307841572910547,guided,80.0,2.0
97723.0,small,33.0,7.0,4.0,80.0,1.2,0.15,79.0,7;21;28;16;10;42;72,2;2;2;3;3;2;1,1583.0,79.0,0.09062470449134707,exact,80.0,2.0
97723.0,small,33.0,7.0,4.0,80.0,1.2,0.15,79.0,7;21;28;16;10;42;72,2;2;2;3;3;2;1,1584.0,79.0,0.21374438889324665,guided,80.0,2.0
97723.0,small,33.0,7.0,4.0,80.0,1.2,0.15,78.0,7;21;28;16;10;42;72,2;2;2;3;3;2;1,1584.0,78.0,0.07462156726978719,exact,80.0,2.0
97723.0,small,33.0,7.0,4.0,80.0,1.2,0.15,78.0,7;21;28;16;10;42;72,2;2;2;3;3;2;1,1584.0,78.0,0.1972025444265455,guided,80.0,2.0
97723.0,small,33.0,7.0,4.0,80.0,1.2,0.15,77.0,7;21;28;16;10;42;72,2;2;2;3;3;2;1,1587.0,77.0,0.0736853452399373,exact,80.0,2.0
97723.0,small,33.0,7.0,4.0,80.0,1.2,0.15,77.0,7;21;28;16;10;42;72,2;2;2;3;3;2;1,1587.0,77.0,0.18178009474650025,guided,80.0,2.0
97723.0,small,33.0,7.0,4.0,80.0,1.2,0.15,76.0,7;21;28;16;10;42;72,2;2;2;3;3;2;1,1592.0,76.0,0.07216779026202857,exact,80.0,2.0
97723.0,small,33.0,7.0,4.0,80.0,1.2,0.15,76.0,7;21;28;16;10;42;72,2;2;2;3;3;2;1,1592.0,76.0,0.16686576884239912,guided,80.0,2.0
97723.0,small,33.0,7.0,4.0,80.0,1.2,0.15,75.0,7;21;28;16;10;42;72,2;2;2;3;3;2;1,1595.0,75.0,0.07449464243836701,exact,80.0,2.0
97723.0,small,33.0,7.0,4.0,80.0,1.2,0.15,75.0,7;21;28;16;10;42;72,2;2;2;3;3;2;1,1595.0,75.0,0.14869355084374547,guided,80.0,2.0
97723.0,small,33.0,7.0,4.0,80.0,1.2,0.15,74.0,7;21;28;16;10;42;72,2;2;2;3;3;2;1,1603.0,74.0,0.07131943316198885,exact,80.0,2.0
97723.0,small,33.0,7.0,4.0,80.0,1.2,0.15,74.0,7;21;28;16;10;42;72,2;2;2;3;3;2;1,1603.0,74.0,0.13984682131558657,guided,80.0,2.0
97723.0,small,33.0,7.0,4.0,80.0,1.2,0.15,73.0,7;21;28;16;10;42;72,2;2;2;3;3;2;1,1609.0,72.0,0.07014195341616869,exact,80.0,2.0
97723.0,small,33.0,7.0,4.0,80.0,1.2,0.15,73.0,7;21;28;16;10;42;72,2;2;2;3;3;2;1,1609.0,72.0,0.08836495084688067,guided,80.0,2.0
106652.0,small,38.0,3.0,4.0,80.0,1.2,0.15,80.0,59;71;62,3;3;3,2925.0,80.0,0.09285954292863607,exact,80.0,2.0
106652.0,small,38.0,3.0,4.0,80.0,1.2,0.15,80.0,59;71;62,3;3;3,2943.0,80.0,0.6457678012084216,guided,80.0,2.0
106652.0,small,38.0,3.0,4.0,80.0,1.2,0.15,79.0,59;71;62,3;3;3,2928.0,79.0,0.08805527118965983,exact,80.0,2.0
106652.0,small,38.0,3.0,4.0,80.0,1.2,0.15,79.0,59;71;62,3;3;3,2949.0,79.0,0.6294734829571098,guided,80.0,2.0
106652.0,small,38.0,3.0,4.0,80.0,1.2,0.15,78.0,59;71;62,3;3;3,2931.0,78.0,0.08737661107443273,exact,80.0,2.0
106652.0,small,38.0,3.0,4.0,80.0,1.2,0.15,78.0,59;71;62,3;3;3,2955.0,78.0,0.6076210788451135,guided,80.0,2.0
106652.0,small,38.0,3.0,4.0,80.0,1.2,0.15,77.0,59;71;62,3;3;3,2952.0,77.0,0.0896730578970164,exact,80.0,2.0
106652.0,small,38.0,3.0,4.0,80.0,1.2,0.15,77.0,59;71;62,3;3;3,2973.0,77.0,0.5888011588249356,guided,80.0,2.0
106652.0,small,38.0,3.0,4.0,80.0,1.2,0.15,76.0,59;71;62,3;3;3,2973.0,76.0,0.08457907801494002,exact,80.0,2.0
106652.0,small,38.0,3.0,4.0,80.0,1.2,0.15,76.0,59;71;62,3;3;3,2997.0,76.0,0.5423324829898775,guided,80.0,2.0
106652.0,small,38.0,3.0,4.0,80.0,1.2,0.15,75.0,59;71;62,3;3;3,2994.0,75.0,0.08481609495356679,exact,80.0,2.0
106652.0,small,38.0,3.0,4.0,80.0,1.2,0.15,75.0,59;71;62,3;3;3,3018.0,75.0,0.5096737381536514,guided,80.0,2.0
106652.0,small,38.0,3.0,4.0,80.0,1.2,0.15,74.0,59;71;62,3;3;3,3042.0,74.0,0.08253635303117335,exact,80.0,2.0
106652.0,small,38.0,3.0,4.0,80.0,1.2,0.15,74.0,59;71;62,3;3;3,3066.0,74.0,0.5021645568776876,guided,80.0,2.0
106652.0,small,38.0,3.0,4.0,80.0,1.2,0.15,73.0,59;71;62,3;3;3,3093.0,71.0,0.0846640991512686,exact,80.0,2.0
106652.0,small,38.0,3.0,4.0,80.0,1.2,0.15,73.0,59;71;62,3;3;3,3108.0,73.0,0.4891327766235918,guided,80.0,2.0
100622.0,small,28.0,5.0,2.0,40.0,1.2,0.15,40.0,29;25;36;30;40,2;3;2;3;1,1673.0,40.0,0.022794639691710472,exact,80.0,2.0
100622.0,small,28.0,5.0,2.0,40.0,1.2,0.15,40.0,29;25;36;30;40,2;3;2;3;1,1673.0,40.0,0.005297934869304299,guided,80.0,2.0
111980.0,small,42.0,5.0,2.0,40.0,1.2,0.15,40.0,35;24;38;27;36,3;2;2;2;1,1626.0,40.0,0.026913122972473502,exact,80.0,2.0
111980.0,small,42.0,5.0,2.0,40.0,1.2,0.15,40.0,35;24;38;27;36,3;2;2;2;1,1626.0,40.0,0.018423991044983268,guided,80.0,2.0
111980.0,small,42.0,5.0,2.0,40.0,1.2,0.15,39.0,35;24;38;27;36,3;2;2;2;1,1632.0,39.0,0.026008913526311517,exact,80.0,2.0
111980.0,small,42.0,5.0,2.0,40.0,1.2,0.15,39.0,35;24;38;27;36,3;2;2;2;1,1632.0,39.0,0.01605075877159834,guided,80.0,2.0
111980.0,small,42.0,5.0,2.0,40.0,1.2,0.15,38.0,35;24;38;27;36,3;2;2;2;1,1638.0,38.0,0.025400575948879123,exact,80.0,2.0
111980.0,small,42.0,5.0,2.0,40.0,1.2,0.15,38.0,35;24;38;27;36,3;2;2;2;1,1638.0,38.0,0.013849432114511728,guided,80.0,2.0
123242.0,small,51.0,6.0,2.0,40.0,1.2,0.15,40.0,33;32;27;27;35;38,3;2;3;2;1;1,1858.0,40.0,0.030819610925391316,exact,80.0,2.0
123242.0,small,51.0,6.0,2.0,40.0,1.2,0.15,40.0,33;32;27;27;35;38,3;2;3;2;1;1,1858.0,40.0,0.021448250161483884,guided,80.0,2.0
123242.0,small,51.0,6.0,2.0,40.0,1.2,0.15,39.0,33;32;27;27;35;38,3;2;3;2;1;1,1860.0,39.0,0.030197031795978546,exact,80.0,2.0
123242.0,small,51.0,6.0,2.0,40.0,1.2,0.15,39.0,33;32;27;27;35;38,3;2;3;2;1;1,1860.0,39.0,0.018810971174389124,guided,80.0,2.0
123242.0,small,51.0,6.0,2.0,40.0,1.2,0.15,38.0,33;32;27;27;35;38,3;2;3;2;1;1,1865.0,38.0,0.029669977957382798,exact,80.0,2.0
123242.0,small,51.0,6.0,2.0,40.0,1.2,0.15,38.0,33;32;27;27;35;38,3;2;3;2;1;1,1865.0,38.0,0.01622969307936728,guided,80.0,2.0
