seed,T,D,N,K,exact_cost,exact_s,train_s,guided_learned_cost,guided_learned_s,guided_zero_cost,guided_zero_s,guided_price_cost,guided_price_s,gap_learned_pct,gap_zero_pct,gap_price_pct,speedup_learned,speedup_zero,speedup_learned_incl_train,beam
300.0,40.0,2.0,28.0,2.0,56.0,0.003487084060907364,2534.4796907168347,56.0,0.04574919608421624,75.0,0.0006184319499880075,56.0,0.0014486401341855526,0.0,33.92857142857143,0.0,0.07622175599519289,5.638589760724659,1.3758331267833605e-06,2.0
300.0,40.0,2.0,28.0,2.0,56.0,0.003487084060907364,2534.4796907168347,56.0,0.10370434285141528,67.0,0.0010705441236495972,56.0,0.0020175499375909567,0.0,19.642857142857142,0.0,0.033625246205007654,3.25730064167699,1.3758016673289408e-06,5.0
301.0,40.0,2.0,25.0,3.0,56.0,0.004095801152288914,2534.4796907168347,56.0,0.0879900511354208,75.0,0.0006698518991470337,56.0,0.0014436100609600544,0.0,33.92857142857143,0.0,0.046548457461233705,6.114487631526261,1.6159762405902264e-06,2.0
301.0,40.0,2.0,25.0,3.0,56.0,0.004095801152288914,2534.4796907168347,56.0,0.18591580889187753,70.0,0.001217306824401021,56.0,0.0028726388700306416,0.0,25.0,0.0,0.02203040815464432,3.3646415761320188,1.6159138080162929e-06,5.0
302.0,80.0,4.0,51.0,4.0,112.0,0.02063778485171497,2534.4796907168347,112.0,0.24912308319471776,139.0,0.0010918120387941599,112.0,0.0032503351103514433,0.0,24.107142857142858,0.0,0.08284172059473194,18.90232395175652,8.14200901467447e-06,2.0
302.0,80.0,4.0,51.0,4.0,112.0,0.02063778485171497,2534.4796907168347,112.0,0.42938262107782066,137.0,0.0022812059614807367,112.0,0.006285395007580519,0.0,22.321428571428573,0.0,0.048063856892742306,9.046874854876728,8.141430029495925e-06,5.0
303.0,60.0,3.0,26.0,6.0,84.0,0.026524333050474524,2534.4796907168347,84.0,0.22727309097535908,109.0,0.0012036629486829042,84.0,0.003254359122365713,0.0,29.761904761904763,0.0,0.11670687865705268,22.036345871988917,1.046445740245565e-05,2.0
303.0,60.0,3.0,26.0,6.0,84.0,0.026524333050474524,2534.4796907168347,84.0,0.5000144531950355,103.0,0.0025292159989476204,84.0,0.006093505071476102,0.0,22.61904761904762,0.0,0.053047132699839086,10.487175892257133,1.0463331519530033e-05,5.0
304.0,80.0,4.0,43.0,5.0,112.0,0.03426627116277814,2534.4796907168347,112.0,0.20409073401242495,139.0,0.0012897879350930452,112.0,0.0035596410743892193,0.0,24.107142857142858,0.0,0.1678972410412911,26.567368348275153,1.3518953099216268e-05,2.0
304.0,80.0,4.0,43.0,5.0,112.0,0.03426627116277814,2534.4796907168347,112.0,0.6435126499272883,137.0,0.0027413310017436743,112.0,0.007211117073893547,0.0,22.321428571428573,0.0,0.0532487918716904,12.49986635724852,1.351660981102257e-05,5.0
305.0,40.0,2.0,29.0,3.0,56.0,0.0039826128631830215,2534.4796907168347,56.0,0.07786705205217004,75.0,0.0005759659688919783,56.0,0.0015218479093164206,0.0,33.92857142857143,0.0,0.05114631616610728,6.914666973891918,1.5713246878042196e-06,2.0
305.0,40.0,2.0,29.0,3.0,56.0,0.0039826128631830215,2534.4796907168347,56.0,0.11946528987027705,70.0,0.0011898360680788755,56.0,0.002659647027030587,0.0,25.0,0.0,0.0333369874003369,3.347194601028862,1.571298898977652e-06,5.0
306.0,80.0,4.0,22.0,7.0,112.0,0.037588562816381454,2534.4796907168347,112.0,0.28427575319074094,139.0,0.0019075581803917885,112.0,0.00475510093383491,0.0,24.107142857142858,0.0,0.1322257082937376,19.70506755849577,1.4829216176971385e-05,2.0
306.0,80.0,4.0,22.0,7.0,112.0,0.037588562816381454,2534.4796907168347,112.0,0.6913519790396094,137.0,0.0035693407990038395,112.0,0.053878024918958545,0.0,22.321428571428573,0.0,0.054369646657549967,10.530953734334355,1.4826835027434744e-05,5.0
307.0,80.0,4.0,45.0,5.0,112.0,0.03725739615038037,2534.4796907168347,112.0,0.23279964900575578,139.0,0.0012782139237970114,112.0,0.0037381239235401154,0.0,24.107142857142858,0.0,0.1600406027650807,29.148013064749783,1.4698864779335557e-05,2.0
307.0,80.0,4.0,45.0,5.0,112.0,0.03725739615038037,2534.4796907168347,112.0,0.6306804011110216,137.0,0.0027045831084251404,112.0,0.0069403110537678,0.0,22.321428571428573,0.0,0.05907492302717328,13.775652164031703,1.4696557820459082e-05,5.0
308.0,60.0,3.0,39.0,4.0,84.0,0.00930114695802331,2534.4796907168347,84.0,0.11336514982394874,109.0,0.0008272910490632057,84.0,0.0023292009718716145,0.0,29.761904761904763,0.0,0.08204591069184486,11.242895675658028,3.669680596849481e-06,2.0
308.0,60.0,3.0,39.0,4.0,84.0,0.00930114695802331,2534.4796907168347,84.0,0.3544200549367815,103.0,0.0018250669818371534,84.0,0.004709870088845491,0.0,22.61904761904762,0.0,0.02624328626009149,5.096331833618822,3.6693316215440323e-06,5.0
309.0,60.0,3.0,26.0,6.0,84.0,0.023395359981805086,2534.4796907168347,84.0,0.18340439815074205,109.0,0.0011761491186916828,84.0,0.0032184149604290724,0.0,29.761904761904763,0.0,0.1275616082149578,19.8914913168744,9.230165550165061e-06,2.0
309.0,60.0,3.0,26.0,6.0,84.0,0.023395359981805086,2534.4796907168347,84.0,0.4923165300861001,103.0,0.0027250300627201796,84.0,0.005928070051595569,0.0,22.61904761904762,0.0,0.047520971879033855,8.585358489018418,9.229040760577616e-06,5.0
310.0,40.0,2.0,26.0,4.0,56.0,0.00520480377599597,2534.4796907168347,56.0,0.08264941303059459,75.0,0.0006869700737297535,56.0,0.0014733131974935532,0.0,33.92857142857143,0.0,0.06297447961389988,7.576463626337648,2.053531567792997e-06,2.0
310.0,40.0,2.0,26.0,4.0,56.0,0.00520480377599597,2534.4796907168347,56.0,0.19614976388402283,72.0,0.001199462916702032,56.0,0.003078300040215254,0.0,28.57142857142857,0.0,0.02653484599182799,4.339278608384802,2.053439612620777e-06,5.0
311.0,60.0,3.0,24.0,5.0,84.0,0.013465930940583348,2534.4796907168347,84.0,0.1787383200135082,109.0,0.001061268849298358,84.0,0.0031517648603767157,0.0,29.761904761904763,0.0,0.07533880221972354,12.68851992545164,5.312720162337733e-06,2.0
311.0,60.0,3.0,24.0,5.0,84.0,0.013465930940583348,2534.4796907168347,84.0,0.40653544501401484,103.0,0.002250188961625099,84.0,0.005558677949011326,0.0,22.61904761904762,0.0,0.03312363314376961,5.984355612009659,5.312242735632573e-06,5.0
312.0,40.0,2.0,27.0,2.0,56.0,0.0028254541102796793,2534.4796907168347,56.0,0.0762117519043386,75.0,0.0004423090722411871,56.0,0.0012070639058947563,0.0,33.92857142857143,0.0,0.03707373258951198,6.387963276364779,1.1147728513415688e-06,2.0
312.0,40.0,2.0,27.0,2.0,56.0,0.0028254541102796793,2534.4796907168347,56.0,0.04078168189153075,64.0,0.001001205062493682,56.0,0.0015086920466274023,0.0,14.285714285714285,0.0,0.06928243219087168,2.8220533596208313,1.1147884347549212e-06,5.0
313.0,40.0,2.0,28.0,3.0,56.0,0.0041530129965394735,2534.4796907168347,56.0,0.08972050994634628,75.0,0.0004981630481779575,56.0,0.0013978949282318354,0.0,33.92857142857143,0.0,0.04628833472996324,8.336654056797691,1.6385477462735313e-06,2.0
313.0,40.0,2.0,28.0,3.0,56.0,0.0041530129965394735,2534.4796907168347,56.0,0.19723919918760657,70.0,0.001111615914851427,56.0,0.0029246381018310785,0.0,25.0,0.0,0.021055718202289405,3.7360143382748743,1.6384782405689348e-06,5.0
314.0,60.0,3.0,46.0,2.0,84.0,0.004668952897191048,2534.4796907168347,84.0,0.15109355398453772,109.0,0.0007711469661444426,84.0,0.001939962850883603,0.0,29.761904761904763,0.0,0.030901072706707586,6.054556527058309,1.8420643062355315e-06,2.0
314.0,60.0,3.0,46.0,2.0,84.0,0.004668952897191048,2534.4796907168347,84.0,0.19127541594207287,103.0,0.0016531229484826326,84.0,0.0032930730376392603,0.0,22.61904761904762,0.0,0.024409581723795728,2.824322837860658,1.8420351041912981e-06,5.0
315.0,60.0,3.0,42.0,4.0,84.0,0.008409308036789298,2534.4796907168347,84.0,0.0989177729934454,109.0,0.0009744910057634115,84.0,0.002140071941539645,0.0,29.761904761904763,0.0,0.08501311526035392,8.629436277045459,3.3178327981706576e-06,2.0
315.0,60.0,3.0,42.0,4.0,84.0,0.008409308036789298,2534.4796907168347,84.0,0.31689659389667213,103.0,0.0019233680795878172,84.0,0.004433538066223264,0.0,22.61904761904762,0.0,0.026536441851221827,4.372178225288752,3.3175474824633068e-06,5.0
316.0,40.0,2.0,32.0,1.0,56.0,0.0019318750128149986,2534.4796907168347,56.0,0.06394540215842426,71.0,0.0004434078000485897,56.0,0.0007304160390049219,0.0,26.785714285714285,0.0,0.030211320088796886,4.356880985411847,7.622180913693687e-07,2.0
316.0,40.0,2.0,32.0,1.0,56.0,0.0019318750128149986,2534.4796907168347,56.0,0.0006746379658579826,56.0,0.0006627780385315418,56.0,0.0006628900300711393,0.0,0.0,0.0,2.863572924417473,2.9148144635197655,7.622371193807045e-07,5.0
317.0,40.0,2.0,32.0,1.0,56.0,0.0018595140427350998,2534.4796907168347,56.0,0.015634575858712196,71.0,0.00043740193359553814,56.0,0.000743241049349308,0.0,26.785714285714285,0.0,0.11893600821277835,4.251270741876914,7.33682174979098e-07,2.0
317.0,40.0,2.0,32.0,1.0,56.0,0.0018595140427350998,2534.4796907168347,56.0,0.000680259894579649,56.0,0.0006717771757394075,56.0,0.0006837351247668266,0.0,0.0,0.0,2.7335347233488516,2.768051833092396,7.33686503959187e-07,5.0
318.0,40.0,2.0,32.0,1.0,56.0,0.001894125947728753,2534.4796907168347,56.0,0.015654264017939568,71.0,0.000521576963365078,56.0,0.0007454799488186836,0.0,26.785714285714285,0.0,0.12099744488518344,3.6315368215427855,7.473384993504743e-07,2.0
318.0,40.0,2.0,32.0,1.0,56.0,0.001894125947728753,2534.4796907168347,56.0,0.0006712090689688921,56.0,0.0006257579661905766,56.0,0.0005910932086408138,0.0,0.0,0.0,2.82196119703582,3.026930618653748,7.473429173818662e-07,5.0
319.0,80.0,4.0,28.0,6.0,112.0,0.07635558699257672,2534.4796907168347,112.0,0.32115066912956536,139.0,0.001550041837617755,112.0,0.0042405088897794485,0.0,24.107142857142858,0.0,0.237756275580954,49.26033939182372,3.0122913700323468e-05,2.0
319.0,80.0,4.0,28.0,6.0,112.0,0.07635558699257672,2534.4796907168347,112.0,0.7557931079063565,137.0,0.0032083860132843256,112.0,0.008841936942189932,0.0,22.321428571428573,0.0,0.10102710145649708,23.79875322870326,3.011774940818678e-05,5.0
320.0,40.0,2.0,30.0,2.0,56.0,0.003155473154038191,2534.4796907168347,56.0,0.07360029616393149,75.0,0.0004625339061021805,56.0,0.001364951953291893,0.0,33.92857142857143,0.0,0.04287310402949927,6.822144522613875,1.2449819718633833e-06,2.0
320.0,40.0,2.0,30.0,2.0,56.0,0.003155473154038191,2534.4796907168347,56.0,0.1099224949721247,69.0,0.001025079982355237,56.0,0.0020728239323943853,0.0,23.214285714285715,0.0,0.028706345819737706,3.0782701919396915,1.2449641305203671e-06,5.0
321.0,60.0,3.0,39.0,4.0,84.0,0.008516759844496846,2534.4796907168347,84.0,0.11274311598390341,109.0,0.0007873589638620615,84.0,0.0022103830706328154,0.0,29.761904761904763,0.0,0.07554128489506005,10.816870367133978,3.3602088173275952e-06,2.0
321.0,60.0,3.0,39.0,4.0,84.0,0.008516759844496846,2534.4796907168347,84.0,0.35620374302379787,103.0,0.0020818260964006186,84.0,0.004605249967426062,0.0,22.61904761904762,0.0,0.02390979884770005,4.091004459604926,3.3598860830048567e-06,5.0
322.0,40.0,2.0,24.0,2.0,56.0,0.0027812300249934196,2534.4796907168347,56.0,0.033989313058555126,75.0,0.00045286305248737335,56.0,0.0012017970439046621,0.0,33.92857142857143,0.0,0.08182660297376568,6.141437261700578,1.0973426763909265e-06,2.0
322.0,40.0,2.0,24.0,2.0,56.0,0.0027812300249934196,2534.4796907168347,56.0,0.0966760627925396,66.0,0.000963547034189105,56.0,0.002009528921917081,0.0,17.857142857142858,0.0,0.02876854874574024,2.8864496763606637,1.0973155362160915e-06,5.0
323.0,80.0,4.0,31.0,6.0,112.0,0.05222422303631902,2534.4796907168347,112.0,0.3063262638170272,139.0,0.0015155160799622536,112.0,0.004178097005933523,0.0,24.107142857142858,0.0,0.17048562008876014,34.45969576094485,2.0603010544663916e-05,2.0
323.0,80.0,4.0,31.0,6.0,112.0,0.05222422303631902,2534.4796907168347,112.0,0.7156550199724734,137.0,0.003241760889068246,112.0,0.008250226033851504,0.0,22.321428571428573,0.0,0.07297401901593277,16.109831916483333,2.0599684014148826e-05,5.0
324.0,60.0,3.0,27.0,5.0,84.0,0.01518608396872878,2534.4796907168347,84.0,0.16674582799896598,109.0,0.0010156079661101103,84.0,0.002975891809910536,0.0,29.761904761904763,0.0,0.0910732469349875,14.95270269185968,5.991401305434169e-06,2.0
324.0,60.0,3.0,27.0,5.0,84.0,0.01518608396872878,2534.4796907168347,84.0,0.41093967109918594,103.0,0.0022194471675902605,84.0,0.00546601414680481,0.0,22.61904761904762,0.0,0.03695453380811076,6.842282254106053,5.990824135242765e-06,5.0
325.0,40.0,2.0,26.0,3.0,56.0,0.0044576190412044525,2534.4796907168347,56.0,0.08684969088062644,75.0,0.0005175049882382154,56.0,0.0014267561491578817,0.0,33.92857142857143,0.0,0.05132567538244184,8.613673573234317,1.7587303273116639e-06,2.0
325.0,40.0,2.0,26.0,3.0,56.0,0.0044576190412044525,2534.4796907168347,56.0,0.19421633100137115,71.0,0.001034970860928297,56.0,0.002950214082375169,0.0,26.785714285714285,0.0,0.022951823969802942,4.306999558621658,1.7586558289844442e-06,5.0
326.0,40.0,2.0,20.0,5.0,56.0,0.00639794091694057,2534.4796907168347,56.0,0.09327850909903646,75.0,0.0006866848561912775,56.0,0.0017853700555860996,0.0,33.92857142857143,0.0,0.06858965670375042,9.317142877486743,2.524267793676708e-06,2.0
326.0,40.0,2.0,20.0,5.0,56.0,0.00639794091694057,2534.4796907168347,56.0,0.2584152431227267,73.0,0.0015567289665341377,56.0,0.0036295740865170956,0.0,30.357142857142854,0.0,0.024758372763258617,4.109861802844708,2.5241033390775247e-06,5.0
327.0,60.0,3.0,38.0,3.0,84.0,0.006712707923725247,2534.4796907168347,84.0,0.10653680097311735,109.0,0.0008555548265576363,84.0,0.0021944171749055386,0.0,29.761904761904763,0.0,0.06300834887485574,7.846028933918978,2.648443304412331e-06,2.0
327.0,60.0,3.0,38.0,3.0,84.0,0.006712707923725247,2534.4796907168347,84.0,0.3036349599715322,103.0,0.0017159741837531328,84.0,0.004169062944129109,0.0,22.61904761904762,0.0,0.022107822907989936,3.91189330660173,2.6482373683489906e-06,5.0
328.0,40.0,2.0,32.0,1.0,56.0,0.0019111118745058775,2534.4796907168347,56.0,0.015898744110018015,71.0,0.0004491009749472141,56.0,0.000754551962018013,0.0,26.785714285714285,0.0,0.12020521000156609,4.255416890890747,7.540403236260305e-07,2.0
328.0,40.0,2.0,32.0,1.0,56.0,0.0019111118745058775,2534.4796907168347,56.0,0.0006706169806420803,56.0,0.0006433769594877958,56.0,0.0005807720590382814,0.0,0.0,0.0,2.8497815141455094,2.9704387860382018,7.540448541886199e-07,5.0
329.0,80.0,4.0,29.0,6.0,112.0,0.07723149401135743,2534.4796907168347,112.0,0.28247715602628887,139.0,0.0015608270186930895,112.0,0.004407329950481653,0.0,24.107142857142858,0.0,0.27340792826507304,49.48113601725375,3.046893116452384e-05,2.0
329.0,80.0,4.0,29.0,6.0,112.0,0.07723149401135743,2534.4796907168347,112.0,0.8058017860166728,137.0,0.003338810056447983,112.0,0.008498770883306861,0.0,22.321428571428573,0.0,0.09584428249177326,23.131442851085907,3.0462641875930887e-05,5.0
330.0,60.0,3.0,48.0,1.0,84.0,0.0028306369204074144,2534.4796907168347,84.0,0.0648186570033431,109.0,0.00044411211274564266,84.0,0.001125061186030507,0.0,29.761904761904763,0.0,0.043670095174317185,6.373698980889115,1.1168227308451279e-06,2.0
330.0,60.0,3.0,48.0,1.0,84.0,0.0028306369204074144,2534.4796907168347,84.0,0.016030204016715288,96.0,0.0009504710324108601,84.0,0.0011503819841891527,0.0,14.285714285714285,0.0,0.17658146567915195,2.978141178303491,1.116844229422872e-06,5.0
331.0,40.0,2.0,24.0,4.0,56.0,0.0055300050880759954,2534.4796907168347,56.0,0.09491443797014654,75.0,0.0008246649522334337,56.0,0.00153696583583951,0.0,33.92857142857143,0.0,0.05826305466630218,6.705759803540972,2.181827702695789e-06,2.0
331.0,40.0,2.0,24.0,4.0,56.0,0.0055300050880759954,2534.4796907168347,56.0,0.2149940801318735,72.0,0.0012646028771996498,56.0,0.054058347130194306,0.0,28.57142857142857,0.0,0.025721662125226846,4.37291831908662,2.181724339915503e-06,5.0
332.0,60.0,3.0,23.0,6.0,84.0,0.017559761879965663,2534.4796907168347,84.0,0.18485283618792892,109.0,0.0012088790535926819,84.0,0.003197978949174285,0.0,29.761904761904763,0.0,0.09499319697812857,14.525656497876772,6.927844524684467e-06,2.0
332.0,60.0,3.0,23.0,6.0,84.0,0.017559761879965663,2534.4796907168347,84.0,0.4345258150715381,103.0,0.0024173581041395664,84.0,0.011652689892798662,0.0,22.61904761904762,0.0,0.040411320273514045,7.264030037542112,6.9271621759215626e-06,5.0
333.0,40.0,2.0,31.0,2.0,56.0,0.002937793033197522,2534.4796907168347,56.0,0.06994881690479815,75.0,0.0004034510347992182,56.0,0.0012960219755768776,0.0,33.92857142857143,0.0,0.04199918116121852,7.281659432747637,1.1590986372387499e-06,2.0
333.0,40.0,2.0,31.0,2.0,56.0,0.002937793033197522,2534.4796907168347,56.0,0.08820643811486661,66.0,0.0010271139908581972,56.0,0.0016492931172251701,0.0,17.857142857142858,0.0,0.033305879887948635,2.8602404984697674,1.1590902877351175e-06,5.0
334.0,60.0,3.0,32.0,5.0,84.0,0.012231259141117334,2534.4796907168347,84.0,0.17415095982141793,109.0,0.0010814070701599121,84.0,0.0025432370603084564,0.0,29.761904761904763,0.0,0.07023365908324483,11.310504137270573,4.825613241540881e-06,2.0
334.0,60.0,3.0,32.0,5.0,84.0,0.012231259141117334,2534.4796907168347,84.0,0.3864606029819697,103.0,0.0023593890946358442,84.0,0.005141346948221326,0.0,22.61904761904762,0.0,0.0316494334655064,5.184078865552757,4.82520906863226e-06,5.0
335.0,40.0,2.0,24.0,3.0,56.0,0.0038113940972834826,2534.4796907168347,56.0,0.036500279791653156,74.0,0.0005010620225220919,56.0,0.0013755338732153177,0.0,32.142857142857146,0.0,0.10442095564853911,7.606631366909149,1.5037955215368974e-06,2.0
335.0,40.0,2.0,24.0,3.0,56.0,0.0038113940972834826,2534.4796907168347,56.0,0.17146879411302507,71.0,0.0011654079426079988,56.0,0.0025593440514057875,0.0,26.785714285714285,0.0,0.022227916846322315,3.270437722222988,1.5037154454101991e-06,5.0
336.0,60.0,3.0,47.0,2.0,84.0,0.0043030609376728535,2534.4796907168347,84.0,0.10904962988570333,109.0,0.0005587951745837927,84.0,0.001962588867172599,0.0,29.761904761904763,0.0,0.03945965650853617,7.7006050399019665,1.6977353639960596e-06,2.0
336.0,60.0,3.0,47.0,2.0,84.0,0.0043030609376728535,2534.4796907168347,84.0,0.16235819295980036,103.0,0.0013008941896259785,84.0,0.0026050598826259375,0.0,22.61904761904762,0.0,0.026503503514222315,3.3077716635124883,1.6976996572449727e-06,5.0
337.0,40.0,2.0,20.0,4.0,56.0,0.005226324778050184,2534.4796907168347,56.0,0.09342073299922049,75.0,0.0007007718086242676,56.0,0.0016915400046855211,0.0,33.92857142857143,0.0,0.055943949595148146,7.457955234115846,2.062013817806426e-06,2.0
337.0,40.0,2.0,20.0,4.0,56.0,0.005226324778050184,2534.4796907168347,56.0,0.19987837900407612,71.0,0.0013094139285385609,56.0,0.003147935029119253,0.0,26.785714285714285,0.0,0.026147524330000713,3.9913465590543202,2.061927212327868e-06,5.0
338.0,60.0,3.0,41.0,4.0,84.0,0.008381576975807548,2534.4796907168347,84.0,0.1032553999684751,109.0,0.0007970200385898352,84.0,0.0021991010289639235,0.0,29.761904761904763,0.0,0.08117325562020511,10.51614334645468,3.306886045551927e-06,2.0
338.0,60.0,3.0,41.0,4.0,84.0,0.008381576975807548,2534.4796907168347,84.0,0.30706632207147777,103.0,0.0019208448939025402,84.0,0.0044826900120824575,0.0,22.61904761904762,0.0,0.02729565690976855,4.363484528299874,3.3066201535622507e-06,5.0
339.0,40.0,2.0,23.0,4.0,56.0,0.004994652001187205,2534.4796907168347,56.0,0.08301141182892025,75.0,0.0005962920840829611,56.0,0.0015444150194525719,0.0,33.92857142857143,0.0,0.060168257485859605,8.37618364306897,1.970616863016419e-06,2.0
339.0,40.0,2.0,23.0,4.0,56.0,0.004994652001187205,2534.4796907168347,56.0,0.19545233994722366,70.0,0.001351462909951806,56.0,0.003083587158471346,0.0,25.0,0.0,0.025554321849182614,3.6957373853236692,1.9705294443230805e-06,5.0
