seed,T,N,K,exact_cost,exact_s,train_s,guided_learned_cost,guided_learned_s,guided_zero_cost,guided_zero_s,guided_price_cost,guided_price_s,gap_learned_pct,gap_zero_pct,gap_price_pct,speedup_learned,speedup_zero,speedup_learned_incl_train,beam
200.0,160.0,35.0,4.0,132.0,0.12052326486445963,0.0,134.0,0.026257090037688613,179.0,0.0022695751395076513,141.0,0.004687512060627341,1.5151515151515151,35.60606060606061,6.8181818181818175,4.59012269415477,53.10388837384131,4.59012269415477,2.0
200.0,160.0,35.0,4.0,132.0,0.12052326486445963,0.0,133.0,0.03498478792607784,178.0,0.0032072290778160095,140.0,0.006086812121793628,0.7575757575757576,34.84848484848485,6.0606060606060606,3.4450191643042936,37.578626889517665,3.4450191643042936,3.0
201.0,160.0,35.0,4.0,164.0,0.10860782419331372,0.0,164.0,0.03392080217599869,218.0,0.0022928870748728514,169.0,0.005790544906631112,0.0,32.926829268292686,3.048780487804878,3.201805889784094,47.367280047726034,3.201805889784094,2.0
201.0,160.0,35.0,4.0,164.0,0.10860782419331372,0.0,164.0,0.04419029504060745,218.0,0.003258276032283902,169.0,0.008019266882911325,0.0,32.926829268292686,3.048780487804878,2.4577302345121605,33.332910753170474,2.4577302345121605,3.0
202.0,160.0,35.0,4.0,140.0,0.10137348691932857,0.0,142.0,0.026054752990603447,189.0,0.0023402271326631308,146.0,0.0048348321579396725,1.4285714285714286,35.0,4.285714285714286,3.8907867196395434,43.31779830446099,3.8907867196395434,2.0
202.0,160.0,35.0,4.0,140.0,0.10137348691932857,0.0,141.0,0.036645881831645966,186.0,0.0033672810532152653,145.0,0.006754935020580888,0.7142857142857143,32.857142857142854,3.571428571428571,2.7662995636193517,30.105442734734478,2.7662995636193517,3.0
203.0,160.0,35.0,4.0,146.0,0.1105816790368408,0.0,148.0,0.029103678883984685,201.0,0.002361163031309843,152.0,0.004992089932784438,1.36986301369863,37.67123287671233,4.10958904109589,3.7995773481988295,46.83356361695032,3.7995773481988295,2.0
203.0,160.0,35.0,4.0,146.0,0.1105816790368408,0.0,147.0,0.03817132906988263,198.0,0.00336405704729259,151.0,0.006905036047101021,0.684931506849315,35.61643835616438,3.4246575342465753,2.896982676039182,32.8715231288475,2.896982676039182,3.0
204.0,160.0,35.0,4.0,136.0,0.11782520008273423,0.0,138.0,0.027975047938525677,183.0,0.0023361339699476957,143.0,0.004852994112297893,1.4705882352941175,34.55882352941176,5.147058823529411,4.211796181427519,50.43597738762056,4.211796181427519,2.0
204.0,160.0,35.0,4.0,136.0,0.11782520008273423,0.0,138.0,0.03715088195167482,182.0,0.0032975710928440094,143.0,0.006411401089280844,1.4705882352941175,33.82352941176471,5.147058823529411,3.1715317078070737,35.730905192134976,3.1715317078070737,3.0
205.0,160.0,35.0,4.0,146.0,0.11747489310801029,0.0,148.0,0.028494260972365737,201.0,0.0023507329169660807,152.0,0.005226593930274248,1.36986301369863,37.67123287671233,4.10958904109589,4.122756270883446,49.97373043111446,4.122756270883446,2.0
205.0,160.0,35.0,4.0,146.0,0.11747489310801029,0.0,147.0,0.03838247014209628,198.0,0.0033730650320649147,152.0,0.00680525996722281,0.684931506849315,35.61643835616438,4.10958904109589,3.060639210376634,34.82734308152215,3.060639210376634,3.0
206.0,160.0,35.0,4.0,170.0,0.10078157996758819,0.0,170.0,0.03296897700056434,221.0,0.002356124110519886,172.0,0.005901812110096216,0.0,30.0,1.1764705882352942,3.056860998928268,42.774308669737444,3.056860998928268,2.0
206.0,160.0,35.0,4.0,170.0,0.10078157996758819,0.0,170.0,0.044792108004912734,221.0,0.00323311286047101,172.0,0.00794042693451047,0.0,30.0,1.1764705882352942,2.249985197314996,31.171686333555954,2.249985197314996,3.0
207.0,160.0,35.0,4.0,148.0,0.11594519694335759,0.0,150.0,0.028688365127891302,203.0,0.0023153950460255146,154.0,0.0052323429845273495,1.3513513513513513,37.16216216216216,4.054054054054054,4.041540757951165,50.07577309210496,4.041540757951165,2.0
207.0,160.0,35.0,4.0,148.0,0.11594519694335759,0.0,150.0,0.03914539096876979,202.0,0.0033113951794803143,154.0,0.006816927809268236,1.3513513513513513,36.486486486486484,4.054054054054054,2.961911838761777,35.0140018508917,2.961911838761777,3.0
208.0,160.0,35.0,4.0,184.0,0.052647014148533344,0.0,188.0,0.03443455300293863,241.0,0.0021930818911641836,186.0,0.006099996855482459,2.1739130434782608,30.978260869565215,1.0869565217391304,1.5289007568659443,24.00594996504486,1.5289007568659443,2.0
208.0,160.0,35.0,4.0,184.0,0.052647014148533344,0.0,186.0,0.04555170191451907,238.0,0.0029044339898973703,186.0,0.007994223851710558,1.0869565217391304,29.347826086956523,1.0869565217391304,1.1557639327577511,18.126428189333254,1.1557639327577511,3.0
209.0,160.0,35.0,4.0,168.0,0.1013436948414892,0.0,168.0,0.032417516922578216,220.0,0.002363658044487238,172.0,0.00586327794007957,0.0,30.952380952380953,2.380952380952381,3.1262016484336326,42.8757853014539,3.1262016484336326,2.0
209.0,160.0,35.0,4.0,168.0,0.1013436948414892,0.0,168.0,0.043761146953329444,220.0,0.003340472001582384,171.0,0.008029865799471736,0.0,30.952380952380953,1.7857142857142856,2.3158372642648195,30.338136285376024,2.3158372642648195,3.0
210.0,160.0,35.0,4.0,140.0,0.1142472370993346,0.0,142.0,0.02792827016673982,189.0,0.0023020401131361723,146.0,0.004981672158464789,1.4285714285714286,35.0,4.285714285714286,4.090738037739024,49.62869085008709,4.090738037739024,2.0
210.0,160.0,35.0,4.0,140.0,0.1142472370993346,0.0,141.0,0.03691997309215367,186.0,0.003221134888008237,146.0,0.006474630907177925,0.7142857142857143,32.857142857142854,4.285714285714286,3.0944561312157273,35.46800772754303,3.0944561312157273,3.0
211.0,160.0,35.0,4.0,156.0,0.11792679084464908,0.0,156.0,0.030954860150814056,211.0,0.0023093868512660265,162.0,0.00542747019790113,0.0,35.256410256410255,3.8461538461538463,3.809637332234816,51.06411287480941,3.809637332234816,2.0
211.0,160.0,35.0,4.0,156.0,0.11792679084464908,0.0,156.0,0.041531970957294106,210.0,0.003293464193120599,161.0,0.007432501995936036,0.0,34.61538461538461,3.205128205128205,2.839421971230528,35.80630725877483,2.839421971230528,3.0
212.0,160.0,35.0,4.0,150.0,0.11338216601870954,0.0,152.0,0.030835730023682117,205.0,0.002376224845647812,156.0,0.0052207310218364,1.3333333333333335,36.666666666666664,4.0,3.6769736254543357,47.715251452898194,3.6769736254543357,2.0
212.0,160.0,35.0,4.0,150.0,0.11338216601870954,0.0,152.0,0.03997747297398746,204.0,0.003283037105575204,155.0,0.007172066019847989,1.3333333333333335,36.0,3.3333333333333335,2.8361514018778786,34.535755269462435,2.8361514018778786,3.0
213.0,160.0,35.0,4.0,140.0,0.10709129390306771,0.0,142.0,0.028502128086984158,189.0,0.002423435915261507,146.0,0.004960547899827361,1.4285714285714286,35.0,4.285714285714286,3.757308702572712,44.18986003659674,3.757308702572712,2.0
213.0,160.0,35.0,4.0,140.0,0.10709129390306771,0.0,142.0,0.03653362998738885,186.0,0.003414363833144307,145.0,0.006806580815464258,1.4285714285714286,32.857142857142854,3.571428571428571,2.9313072350060714,31.364933304265563,2.9313072350060714,3.0
214.0,160.0,35.0,4.0,130.0,0.11374071496538818,0.0,132.0,0.026995884953066707,177.0,0.002390625886619091,140.0,0.004873004974797368,1.5384615384615385,36.15384615384615,7.6923076923076925,4.213261212334043,47.57779776502144,4.213261212334043,2.0
214.0,160.0,35.0,4.0,130.0,0.11374071496538818,0.0,132.0,0.03439851384609938,177.0,0.003273582784458995,139.0,0.006478979950770736,1.5384615384615385,36.15384615384615,6.923076923076923,3.30655898316624,34.745024779993585,3.30655898316624,3.0
215.0,160.0,35.0,4.0,156.0,0.11823801300488412,0.0,156.0,0.030313224997371435,211.0,0.002349128946661949,162.0,0.005452074110507965,0.0,35.256410256410255,3.8461538461538463,3.9005421895933856,50.33270445749572,3.9005421895933856,2.0
215.0,160.0,35.0,4.0,156.0,0.11823801300488412,0.0,156.0,0.041434362065047026,210.0,0.003313905093818903,161.0,0.007397131994366646,0.0,34.61538461538461,3.205128205128205,2.8536221414309333,35.67936004728129,2.8536221414309333,3.0
216.0,160.0,35.0,4.0,120.0,0.10995079996064305,0.0,125.0,0.02608393016271293,171.0,0.0024691959843039513,130.0,0.004674545954912901,4.166666666666666,42.5,8.333333333333332,4.215269680403381,44.528988650383454,4.215269680403381,2.0
216.0,160.0,35.0,4.0,120.0,0.10995079996064305,0.0,125.0,0.03660315088927746,170.0,0.003477866994217038,129.0,0.006634079152718186,4.166666666666666,41.66666666666667,7.5,3.0038616154450266,31.61443498082823,3.0038616154450266,3.0
217.0,160.0,35.0,4.0,158.0,0.09139003208838403,0.0,158.0,0.031522370874881744,213.0,0.002240592148154974,164.0,0.005540258018299937,0.0,34.810126582278485,3.79746835443038,2.8992118787996106,40.788338994957016,2.8992118787996106,2.0
217.0,160.0,35.0,4.0,158.0,0.09139003208838403,0.0,158.0,0.042837911983951926,212.0,0.0032155639491975307,164.0,0.007282586069777608,0.0,34.177215189873415,3.79746835443038,2.1333913782403973,28.421152100299896,2.1333913782403973,3.0
218.0,160.0,35.0,4.0,144.0,0.12401301600039005,0.0,146.0,0.028226484078913927,197.0,0.002368506044149399,150.0,0.0051349259447306395,1.3888888888888888,36.80555555555556,4.166666666666666,4.39349851910999,52.359172275165896,4.39349851910999,2.0
218.0,160.0,35.0,4.0,144.0,0.12401301600039005,0.0,146.0,0.03877890598960221,194.0,0.003444056026637554,150.0,0.006720626028254628,1.3888888888888888,34.72222222222222,4.166666666666666,3.19795035047254,36.0078393153971,3.19795035047254,3.0
219.0,160.0,35.0,4.0,126.0,0.11825098795816302,0.0,129.0,0.025697673903778195,175.0,0.0023239641450345516,136.0,0.0046398339327424765,2.380952380952381,38.88888888888889,7.936507936507936,4.601622248026783,50.883309973099834,4.601622248026783,2.0
219.0,160.0,35.0,4.0,126.0,0.11825098795816302,0.0,129.0,0.0339332080911845,175.0,0.003297562012448907,136.0,0.006129342131316662,2.380952380952381,38.88888888888889,7.936507936507936,3.484816043340253,35.860125605445376,3.484816043340253,3.0
220.0,160.0,35.0,4.0,164.0,0.10763024119660258,0.0,164.0,0.03191800392232835,218.0,0.0023173061199486256,169.0,0.005656437948346138,0.0,32.926829268292686,3.048780487804878,3.372085593401079,46.44627667879664,3.372085593401079,2.0
220.0,160.0,35.0,4.0,164.0,0.10763024119660258,0.0,164.0,0.0435906748753041,218.0,0.0032710011582821608,168.0,0.007613719208166003,0.0,32.926829268292686,2.4390243902439024,2.46911160482123,32.90437269460553,2.46911160482123,3.0
221.0,160.0,35.0,4.0,136.0,0.10936252097599208,0.0,138.0,0.026896429946646094,183.0,0.00238488195464015,144.0,0.004792277002707124,1.4705882352941175,34.55882352941176,5.88235294117647,4.066060856140846,45.85657615598571,4.066060856140846,2.0
221.0,160.0,35.0,4.0,136.0,0.10936252097599208,0.0,138.0,0.03579931799322367,182.0,0.0034833941608667374,143.0,0.006615554913878441,1.4705882352941175,33.82352941176471,5.147058823529411,3.0548772185183233,31.395390795734848,3.0548772185183233,3.0
222.0,160.0,35.0,4.0,132.0,0.10481152101419866,0.0,134.0,0.026424501091241837,179.0,0.0023489310406148434,141.0,0.00469041895121336,1.5151515151515151,35.60606060606061,6.8181818181818175,3.9664522199413446,44.620944251630206,3.9664522199413446,2.0
222.0,160.0,35.0,4.0,132.0,0.10481152101419866,0.0,133.0,0.03476463188417256,178.0,0.0032934709452092648,140.0,0.0061256419867277145,0.7575757575757576,34.84848484848485,6.0606060606060606,3.0148894244991746,31.82403086526668,3.0148894244991746,3.0
223.0,160.0,35.0,4.0,142.0,0.12497525103390217,0.0,144.0,0.02827813010662794,193.0,0.0023251560050994158,148.0,0.005046545993536711,1.4084507042253522,35.91549295774648,4.225352112676056,4.419501945944083,53.749189628486306,4.419501945944083,2.0
223.0,160.0,35.0,4.0,142.0,0.12497525103390217,0.0,143.0,0.03766938508488238,190.0,0.0033003701828420162,148.0,0.006662358064204454,0.7042253521126761,33.80281690140845,4.225352112676056,3.3176875797756975,37.86704039553631,3.3176875797756975,3.0
224.0,160.0,35.0,4.0,134.0,0.12394428602419794,0.0,136.0,0.026507144793868065,181.0,0.002380110090598464,142.0,0.004836200969293714,1.4925373134328357,35.07462686567165,5.970149253731343,4.675882181504141,52.07502229152472,4.675882181504141,2.0
224.0,160.0,35.0,4.0,134.0,0.12394428602419794,0.0,135.0,0.036453414009884,180.0,0.0034875781275331974,142.0,0.006508233025670052,0.7462686567164178,34.32835820895522,5.970149253731343,3.4000734743415695,35.538784076463145,3.4000734743415695,3.0
225.0,160.0,35.0,4.0,138.0,0.12376177217811346,0.0,140.0,0.027317117899656296,185.0,0.0023076708894222975,145.0,0.0047557661309838295,1.4492753623188406,34.05797101449276,5.072463768115942,4.530557456051051,53.63059903619792,4.530557456051051,2.0
225.0,160.0,35.0,4.0,138.0,0.12376177217811346,0.0,140.0,0.03647857182659209,184.0,0.003302462864667177,144.0,0.006700342986732721,1.4492753623188406,33.33333333333333,4.3478260869565215,3.392725262557944,37.47559843964701,3.392725262557944,3.0
226.0,160.0,35.0,4.0,156.0,0.11023560515604913,0.0,156.0,0.031051876954734325,211.0,0.0023013330064713955,162.0,0.005401759874075651,0.0,35.256410256410255,3.8461538461538463,3.5500464373456193,47.900762230439646,3.5500464373456193,2.0
226.0,160.0,35.0,4.0,156.0,0.11023560515604913,0.0,156.0,0.041834210976958275,210.0,0.0033006819430738688,161.0,0.008762566139921546,0.0,34.61538461538461,3.205128205128205,2.6350587851833858,33.397827193670345,2.6350587851833858,3.0
227.0,160.0,35.0,4.0,130.0,0.09949753899127245,0.0,132.0,0.024906208971515298,177.0,0.0023696860298514366,140.0,0.004717779811471701,1.5384615384615385,36.15384615384615,7.6923076923076925,3.994888949380681,41.98764635393925,3.994888949380681,2.0
227.0,160.0,35.0,4.0,130.0,0.09949753899127245,0.0,131.0,0.034892499912530184,177.0,0.00333513505756855,139.0,0.006322850938886404,0.7692307692307693,36.15384615384615,6.923076923076923,2.851545152703205,29.83313637193758,2.851545152703205,3.0
228.0,160.0,35.0,4.0,132.0,0.11310452385805547,0.0,134.0,0.025552431121468544,179.0,0.0022961439099162817,141.0,0.004603565903380513,1.5151515151515151,35.60606060606061,6.8181818181818175,4.4263703645414685,49.258464754580345,4.4263703645414685,2.0
228.0,160.0,35.0,4.0,132.0,0.11310452385805547,0.0,134.0,0.03520904900506139,178.0,0.003274539951235056,140.0,0.006055888021364808,1.5151515151515151,34.84848484848485,6.0606060606060606,3.2123708834565914,34.54058449199739,3.2123708834565914,3.0
229.0,160.0,35.0,4.0,150.0,0.10138829005882144,0.0,152.0,0.02933701197616756,205.0,0.0023718448355793953,156.0,0.005087220808491111,1.3333333333333335,36.666666666666664,4.0,3.4559855700773485,42.74659477632071,3.4559855700773485,2.0
229.0,160.0,35.0,4.0,150.0,0.10138829005882144,0.0,152.0,0.04050365020520985,204.0,0.003396316897124052,155.0,0.00729202083311975,1.3333333333333335,36.0,3.3333333333333335,2.503188960628052,29.852423413337977,2.503188960628052,3.0
