instance_id,inst_seed,policy,n_jobs,T,time_limit_s,solve_time_sec,wall_time_sec,timed_out,best_cost,nodes_explored,binpack_attempts,pruned_by_binpack
0,1571306751,random,40,200,2.0,2.0006446838378906,2.0006645569810644,True,183.05422201258494,759,315,2
0,1571306751,min_w,40,200,2.0,2.0011706352233887,2.001185046043247,True,185.15434013898246,676,315,8
0,1571306751,model(xgb_ranker),40,200,2.0,2.0037457942962646,2.003749573021196,True,185.15434013898246,441,221,7
1,711621471,random,40,200,2.0,2.0016515254974365,2.0016728630289435,True,181.40663021546936,658,322,2
1,711621471,min_w,40,200,2.0,2.000396728515625,2.0004104809486307,True,181.43215126852527,575,231,1
1,711621471,model(xgb_ranker),40,200,2.0,2.0020387172698975,2.0020456550410017,True,181.43215126852527,391,168,3
2,1429319277,random,40,200,2.0,0.013740301132202148,0.013743686024099588,False,329.2596294154736,1,1,1
2,1429319277,min_w,40,200,2.0,0.012525320053100586,0.012528610997833312,False,329.2596294154736,1,1,1
2,1429319277,model(xgb_ranker),40,200,2.0,0.01258397102355957,0.012585630000103265,False,329.2596294154736,1,1,1
3,1647999605,random,40,200,2.0,2.002419948577881,2.002423273981549,True,131.0385018351768,450,228,4
3,1647999605,min_w,40,200,2.0,2.004993200302124,2.0049998750328086,True,131.2519161227981,445,191,0
3,1647999605,model(xgb_ranker),40,200,2.0,2.0033152103424072,2.0033180660102516,True,131.2519161227981,335,154,0
4,1545524063,random,40,200,2.0,2.002102851867676,2.0021063740132377,True,143.53368084736505,605,209,1
4,1545524063,min_w,40,200,2.0,2.0012269020080566,2.001234249037225,True,148.00555763883827,757,346,6
4,1545524063,model(xgb_ranker),40,200,2.0,2.0027639865875244,2.0027671480202116,True,148.00555763883827,494,233,4
5,1321275334,random,40,200,2.0,2.001333713531494,2.0013401660253294,True,399.4931153631904,668,320,4
5,1321275334,min_w,40,200,2.0,2.0024311542510986,2.0024343300028704,True,400.38718416033703,579,284,0
5,1321275334,model(xgb_ranker),40,200,2.0,2.000709056854248,2.00071306101745,True,400.38718416033703,391,195,0
6,1681700205,random,40,200,2.0,0.015311241149902344,0.015313553041778505,False,44.72416743039645,1,1,1
6,1681700205,min_w,40,200,2.0,0.01531839370727539,0.015320104022976011,False,44.72416743039645,1,1,1
6,1681700205,model(xgb_ranker),40,200,2.0,0.015146255493164062,0.015147852012887597,False,44.72416743039645,1,1,1
7,880236376,random,40,200,2.0,2.0024313926696777,2.002434286987409,True,420.1136499557085,758,328,2
7,880236376,min_w,40,200,2.0,2.001298666000366,2.0013018660247326,True,425.5515982956877,709,267,0
7,880236376,model(xgb_ranker),40,200,2.0,2.0020804405212402,2.002083497995045,True,425.5515982956877,482,183,0
8,1567117653,random,40,200,2.0,0.013795614242553711,0.013798405998386443,False,331.8434420166052,1,1,1
8,1567117653,min_w,40,200,2.0,0.013819217681884766,0.013822841981891543,False,331.8434420166052,1,1,1
8,1567117653,model(xgb_ranker),40,200,2.0,0.013833761215209961,0.013836848956998438,False,331.8434420166052,1,1,1
9,469390093,random,40,200,2.0,2.0018818378448486,2.0018852470093407,True,325.796717420508,711,214,6
9,469390093,min_w,40,200,2.0,2.0016098022460938,2.0016136809717864,True,324.8856849253261,762,317,5
9,469390093,model(xgb_ranker),40,200,2.0,2.0004258155822754,2.0004287660121918,True,325.60683189958036,476,247,3
10,1827455576,random,40,200,2.0,2.00248646736145,2.0024907239712775,True,340.4614178687107,405,127,1
10,1827455576,min_w,40,200,2.0,2.00219464302063,2.0021986679639667,True,342.0323864212487,662,279,2
10,1827455576,model(xgb_ranker),40,200,2.0,2.002349376678467,2.002352039969992,True,342.1120379425241,447,210,5
11,1712571197,random,40,200,2.0,2.0022213459014893,2.0022243809653446,True,517.8305127844594,665,328,4
11,1712571197,min_w,40,200,2.0,2.001866579055786,2.001868792984169,True,519.5622864387387,596,235,0
11,1712571197,model(xgb_ranker),40,200,2.0,2.003018617630005,2.0030216469895095,True,519.5622864387387,415,168,0
12,280646616,random,40,200,2.0,0.013436079025268555,0.01343910995637998,False,134.9908992882949,1,1,1
12,280646616,min_w,40,200,2.0,0.013277530670166016,0.013279817998409271,False,134.9908992882949,1,1,1
12,280646616,model(xgb_ranker),40,200,2.0,0.013113975524902344,0.013115800975356251,False,134.9908992882949,1,1,1
13,1495086441,random,40,200,2.0,0.01675128936767578,0.016753749980125576,False,93.3771734019434,1,1,1
13,1495086441,min_w,40,200,2.0,0.016559123992919922,0.016560615971684456,False,93.3771734019434,1,1,1
13,1495086441,model(xgb_ranker),40,200,2.0,0.016596317291259766,0.01659804000519216,False,93.3771734019434,1,1,1
14,1733395257,random,40,200,2.0,0.015160322189331055,0.015162197989411652,False,315.5945467198525,1,1,1
14,1733395257,min_w,40,200,2.0,0.015073537826538086,0.015074898023158312,False,315.5945467198525,1,1,1
14,1733395257,model(xgb_ranker),40,200,2.0,0.015110254287719727,0.015112238994333893,False,315.5945467198525,1,1,1
15,1732459142,random,40,200,2.0,2.0005033016204834,2.0005067320307717,True,165.5039861086188,656,309,3
15,1732459142,min_w,40,200,2.0,2.003401756286621,2.0034045659704134,True,166.2573702972433,656,290,1
15,1732459142,model(xgb_ranker),40,200,2.0,2.008981466293335,2.0089889540104195,True,166.2573702972433,454,209,2
16,1335090736,random,40,200,2.0,2.003213405609131,2.0032165799639188,True,256.69630449848114,575,257,1
16,1335090736,min_w,40,200,2.0,2.001779317855835,2.001782235049177,True,260.4643610888513,533,260,2
16,1335090736,model(xgb_ranker),40,200,2.0,2.001626968383789,2.001629232952837,True,260.58323811347987,376,192,1
17,76560682,random,40,200,2.0,2.000182867050171,2.0001860790071078,True,290.6443474007696,565,277,8
17,76560682,min_w,40,200,2.0,2.002946138381958,2.0029484889819287,True,296.0291562009114,540,247,0
17,76560682,model(xgb_ranker),40,200,2.0,2.0049710273742676,2.0049736879882403,True,296.0291562009114,383,183,0
18,1516852069,random,40,200,2.0,0.010686874389648438,0.010688218986615539,False,315.83719523563633,1,1,1
18,1516852069,min_w,40,200,2.0,0.010058164596557617,0.010059382009785622,False,315.83719523563633,1,1,1
18,1516852069,model(xgb_ranker),40,200,2.0,0.010077953338623047,0.010079166037030518,False,315.83719523563633,1,1,1
19,509114047,random,40,200,2.0,0.011718034744262695,0.011719206988345832,False,91.72087256422844,1,1,1
19,509114047,min_w,40,200,2.0,0.01178431510925293,0.011785340029746294,False,91.72087256422844,1,1,1
19,509114047,model(xgb_ranker),40,200,2.0,0.011858224868774414,0.011859363003168255,False,91.72087256422844,1,1,1
20,1979695093,random,40,200,2.0,2.0025219917297363,2.0025257759843953,True,432.0535953124943,730,215,2
20,1979695093,min_w,40,200,2.0,2.0002238750457764,2.000226408999879,True,433.54249113249284,726,316,0
20,1979695093,model(xgb_ranker),40,200,2.0,2.0012593269348145,2.0012622560025193,True,433.54249113249284,492,233,0
21,1058196492,random,40,200,2.0,2.0021860599517822,2.002190555969719,True,202.90776745377622,770,331,5
21,1058196492,min_w,40,200,2.0,2.001648187637329,2.0016515139723197,True,203.12307433654468,704,297,2
21,1058196492,model(xgb_ranker),40,200,2.0,2.0006766319274902,2.0006828070036136,True,203.24637732830894,475,205,3
22,735373227,random,40,200,2.0,2.0012619495391846,2.001265186991077,True,307.7138282951422,426,129,2
22,735373227,min_w,40,200,2.0,2.0016469955444336,2.0016508659464307,True,307.7029006503475,509,228,4
22,735373227,model(xgb_ranker),40,200,2.0,2.00612473487854,2.006129310000688,True,307.7029006503475,361,171,4
23,1347451066,random,40,200,2.0,2.0015475749969482,2.001550551969558,True,271.92288376185473,649,216,0
23,1347451066,min_w,40,200,2.0,2.0018057823181152,2.0018086769850925,True,271.92288376185473,608,214,0
23,1347451066,model(xgb_ranker),40,200,2.0,2.0008561611175537,2.00085918197874,True,271.92288376185473,411,159,0
24,1963476881,random,40,200,2.0,2.002859592437744,2.0028621170204133,True,299.04370581870336,560,274,7
24,1963476881,min_w,40,200,2.0,2.002066135406494,2.002069046953693,True,303.31830968431603,515,233,0
24,1963476881,model(xgb_ranker),40,200,2.0,2.0042028427124023,2.0042059179977514,True,303.31830968431603,378,175,0
25,1137548661,random,40,200,2.0,2.0057244300842285,2.0057282539783046,True,195.99179001895067,314,72,4
25,1137548661,min_w,40,200,2.0,2.003605842590332,2.0036097380216233,True,196.2359785046659,529,182,3
25,1137548661,model(xgb_ranker),40,200,2.0,2.0006463527679443,2.000649429974146,True,196.2359785046659,394,146,3
26,863208941,random,40,200,2.0,2.000230312347412,2.0002335279714316,True,174.51952205258473,675,266,1
26,863208941,min_w,40,200,2.0,2.0021860599517822,2.0021903079468757,True,177.21502908974853,660,302,7
26,863208941,model(xgb_ranker),40,200,2.0,2.004239559173584,2.004242679977324,True,177.35256504199856,455,216,6
27,289052463,random,40,200,2.0,0.014415979385375977,0.014417482016142458,False,143.3635440272189,1,1,1
27,289052463,min_w,40,200,2.0,0.01352691650390625,0.013528068026062101,False,143.3635440272189,1,1,1
27,289052463,model(xgb_ranker),40,200,2.0,0.013546943664550781,0.013547567999921739,False,143.3635440272189,1,1,1
28,188464899,random,40,200,2.0,2.000192403793335,2.000195176980924,True,149.2330091575094,648,312,4
28,188464899,min_w,40,200,2.0,2.0025038719177246,2.002507097029593,True,149.3431849063722,609,281,5
28,188464899,model(xgb_ranker),40,200,2.0,2.000688076019287,2.000691050023306,True,149.42368831302886,431,206,6
29,310258888,random,40,200,2.0,2.001328229904175,2.001331562991254,True,338.71734286107755,804,332,1
29,310258888,min_w,40,200,2.0,2.0005602836608887,2.0005634860135615,True,343.9065605053804,743,337,6
29,310258888,model(xgb_ranker),40,200,2.0,2.0034584999084473,2.0034613080206327,True,344.15592125753307,476,242,4
30,1750070315,random,40,200,2.0,2.00197172164917,2.001975373015739,True,123.078377752078,578,258,3
30,1750070315,min_w,40,200,2.0,2.000751256942749,2.0007544470136054,True,121.95335267395794,485,198,6
30,1750070315,model(xgb_ranker),40,200,2.0,2.00217342376709,2.0021764310076833,True,122.30314741176088,364,153,3
31,231207032,random,40,200,2.0,2.001905918121338,2.0019089560373686,True,250.5829549818688,705,303,5
31,231207032,min_w,40,200,2.0,2.0017149448394775,2.0017183540039696,True,250.64785970764228,680,326,10
31,231207032,model(xgb_ranker),40,200,2.0,2.001035690307617,2.0010385629720986,True,251.13691752153838,439,226,10
32,73617964,random,40,200,2.0,0.010243654251098633,0.010245165030937642,False,345.53372192332375,1,1,1
32,73617964,min_w,40,200,2.0,0.009317159652709961,0.009318264957983047,False,345.53372192332375,1,1,1
32,73617964,model(xgb_ranker),40,200,2.0,0.00927424430847168,0.009275249962229282,False,345.53372192332375,1,1,1
33,845334424,random,40,200,2.0,0.009971141815185547,0.00997259299037978,False,291.0432554571596,1,1,1
33,845334424,min_w,40,200,2.0,0.009893417358398438,0.009894412010908127,False,291.0432554571596,1,1,1
33,845334424,model(xgb_ranker),40,200,2.0,0.009887933731079102,0.00988891301676631,False,291.0432554571596,1,1,1
34,846203264,random,40,200,2.0,0.013278484344482422,0.013279806007631123,False,26.06803937625189,1,1,1
34,846203264,min_w,40,200,2.0,0.01325368881225586,0.013254924968350679,False,26.06803937625189,1,1,1
34,846203264,model(xgb_ranker),40,200,2.0,0.013235807418823242,0.013236700964625925,False,26.06803937625189,1,1,1
35,449211882,random,40,200,2.0,0.012718915939331055,0.012720238009933382,False,282.6346194440872,1,1,1
35,449211882,min_w,40,200,2.0,0.012752532958984375,0.012753495015203953,False,282.6346194440872,1,1,1
35,449211882,model(xgb_ranker),40,200,2.0,0.01264500617980957,0.012645901006180793,False,282.6346194440872,1,1,1
36,1223747138,random,40,200,2.0,0.013168573379516602,0.013169572979677469,False,288.6705380054902,1,1,1
36,1223747138,min_w,40,200,2.0,0.013022661209106445,0.013023642997723073,False,288.6705380054902,1,1,1
36,1223747138,model(xgb_ranker),40,200,2.0,0.013030052185058594,0.013031317037530243,False,288.6705380054902,1,1,1
37,844282230,random,40,200,2.0,2.0018153190612793,2.00181856501149,True,194.1337413393476,816,382,4
37,844282230,min_w,40,200,2.0,2.000903844833374,2.0009065130143426,True,194.98955442780155,696,325,2
37,844282230,model(xgb_ranker),40,200,2.0,2.0038833618164062,2.0038858680054545,True,194.98955442780155,465,227,2
38,1942734845,random,40,200,2.0,2.0001676082611084,2.0001708950148895,True,155.06708742442217,650,228,2
38,1942734845,min_w,40,200,2.0,2.001774787902832,2.0017778710462153,True,156.45960825232117,620,284,4
38,1942734845,model(xgb_ranker),40,200,2.0,2.0037784576416016,2.003781378036365,True,156.45960825232117,429,204,4
39,1349834843,random,40,200,2.0,2.0019257068634033,2.001929251011461,True,276.39783928521314,835,324,1
39,1349834843,min_w,40,200,2.0,2.002589702606201,2.002592305012513,True,275.18406192105317,694,268,8
39,1349834843,model(xgb_ranker),40,200,2.0,2.0010030269622803,2.0010059779742733,True,275.18406192105317,484,183,4
40,53538893,random,40,200,2.0,2.003370761871338,2.003374288964551,True,152.3655471804896,514,184,1
40,53538893,min_w,40,200,2.0,2.000922918319702,2.000925365020521,True,152.58718427845426,482,183,0
40,53538893,model(xgb_ranker),40,200,2.0,2.000913619995117,2.0009166430099867,True,152.58718427845426,354,139,0
41,1432766604,random,40,203,2.0,0.008748769760131836,0.008750297012738883,False,430.04615807550385,1,0,0
41,1432766604,min_w,40,203,2.0,0.008263111114501953,0.008264187956228852,False,430.04615807550385,1,0,0
41,1432766604,model(xgb_ranker),40,203,2.0,0.008213996887207031,0.00821462000021711,False,430.04615807550385,1,0,0
42,1856150480,random,40,200,2.0,0.014847278594970703,0.014848013001028448,False,29.494838941001134,1,1,1
42,1856150480,min_w,40,200,2.0,0.014895915985107422,0.014897454006131738,False,29.494838941001134,1,1,1
42,1856150480,model(xgb_ranker),40,200,2.0,0.014824867248535156,0.014825884019955993,False,29.494838941001134,1,1,1
43,982711321,random,40,200,2.0,0.009547233581542969,0.00954820797778666,False,242.2007427547956,1,1,1
43,982711321,min_w,40,200,2.0,0.009446859359741211,0.009447799006011337,False,242.2007427547956,1,1,1
43,982711321,model(xgb_ranker),40,200,2.0,0.00944662094116211,0.009447693009860814,False,242.2007427547956,1,1,1
44,196849365,random,40,200,2.0,2.000915050506592,2.0009182899957523,True,99.36947338693689,675,314,6
44,196849365,min_w,40,200,2.0,2.001668930053711,2.0016737079713494,True,101.12254141439783,605,261,7
44,196849365,model(xgb_ranker),40,200,2.0,2.0021347999572754,2.002138546027709,True,101.21895204312982,449,205,6
45,1319838106,random,40,200,2.0,2.0017080307006836,2.001710844982881,True,180.32147156835936,734,269,0
45,1319838106,min_w,40,200,2.0,2.00067400932312,2.000676930998452,True,177.9736040871485,692,300,5
45,1319838106,model(xgb_ranker),40,200,2.0,2.001159906387329,2.0011628370266408,True,178.5927238209971,479,215,3
46,917621919,random,40,200,2.0,2.0026657581329346,2.0026688640355133,True,165.61455877907454,604,319,3
46,917621919,min_w,40,200,2.0,2.000486373901367,2.0004893880104646,True,166.51352938673284,532,227,2
46,917621919,model(xgb_ranker),40,200,2.0,2.002835750579834,2.002838376967702,True,166.51352938673284,382,171,1
47,776505409,random,40,200,2.0,0.012187004089355469,0.012188647990114987,False,244.5005390169327,1,1,1
47,776505409,min_w,40,200,2.0,0.011861801147460938,0.011862429033499211,False,244.5005390169327,1,1,1
47,776505409,model(xgb_ranker),40,200,2.0,0.011898994445800781,0.011899762030225247,False,244.5005390169327,1,1,1
48,794514901,random,40,200,2.0,0.014003753662109375,0.014004779979586601,False,132.67786111954072,1,1,1
48,794514901,min_w,40,200,2.0,0.0139923095703125,0.013993430009577423,False,132.67786111954072,1,1,1
48,794514901,model(xgb_ranker),40,200,2.0,0.013910055160522461,0.0139110530144535,False,132.67786111954072,1,1,1
49,216613324,random,40,200,2.0,2.0032968521118164,2.0032990850158967,True,140.28928334775375,599,265,3
49,216613324,min_w,40,200,2.0,2.001514434814453,2.001517882978078,True,138.7126172144458,527,244,8
49,216613324,model(xgb_ranker),40,200,2.0,2.003168821334839,2.0031719320104457,True,138.7126172144458,395,192,8
50,2124546641,random,40,200,2.0,0.010546445846557617,0.010547884972766042,False,448.73383609752403,1,1,1
50,2124546641,min_w,40,200,2.0,0.009815454483032227,0.009816518984735012,False,448.73383609752403,1,1,1
50,2124546641,model(xgb_ranker),40,200,2.0,0.009772777557373047,0.009773967962246388,False,448.73383609752403,1,1,1
51,1955006837,random,40,200,2.0,0.011992692947387695,0.011993660998996347,False,173.4793557159974,1,1,1
51,1955006837,min_w,40,200,2.0,0.011971235275268555,0.011972116015385836,False,173.4793557159974,1,1,1
51,1955006837,model(xgb_ranker),40,200,2.0,0.01197052001953125,0.011971619038376957,False,173.4793557159974,1,1,1
52,105500907,random,40,200,2.0,2.0009448528289795,2.0009470370132476,True,385.31992103604443,889,402,1
52,105500907,min_w,40,200,2.0,2.00323224067688,2.0032349490211345,True,385.68706381573924,755,312,0
52,105500907,model(xgb_ranker),40,200,2.0,2.0004093647003174,2.0004119289806113,True,385.68706381573924,496,209,0
53,2094171666,random,40,200,2.0,2.0027573108673096,2.002760679984931,True,209.1326138950737,685,253,2
53,2094171666,min_w,40,200,2.0,2.008009672164917,2.008013354963623,True,208.11777703671007,264,63,1
53,2094171666,model(xgb_ranker),40,200,2.0,2.000138282775879,2.0001419309992343,True,208.11777703671007,243,57,1
54,1514443863,random,40,200,2.0,0.014920234680175781,0.014921516994945705,False,-21.11359427001006,1,1,1
54,1514443863,min_w,40,200,2.0,0.014836311340332031,0.014837438007816672,False,-21.11359427001006,1,1,1
54,1514443863,model(xgb_ranker),40,200,2.0,0.018316030502319336,0.018318088026717305,False,-21.11359427001006,1,1,1
55,1105042079,random,40,200,2.0,0.01175999641418457,0.01176074700197205,False,246.59074844127878,1,1,1
55,1105042079,min_w,40,200,2.0,0.011688947677612305,0.011689766019117087,False,246.59074844127878,1,1,1
55,1105042079,model(xgb_ranker),40,200,2.0,0.011763572692871094,0.01176458498230204,False,246.59074844127878,1,1,1
56,1124333858,random,40,200,2.0,0.012379884719848633,0.012380845029838383,False,275.98876336329806,1,1,1
56,1124333858,min_w,40,200,2.0,0.01236581802368164,0.012366498995106667,False,275.98876336329806,1,1,1
56,1124333858,model(xgb_ranker),40,200,2.0,0.012356042861938477,0.012356977968011051,False,275.98876336329806,1,1,1
57,286853177,random,40,200,2.0,2.000349998474121,2.0003538609598763,True,164.21343032914825,675,275,4
57,286853177,min_w,40,200,2.0,2.0026702880859375,2.0026740489993244,True,164.50626098361232,617,272,3
57,286853177,model(xgb_ranker),40,200,2.0,2.004835367202759,2.0048383309622295,True,164.50626098361232,430,198,4
58,560452419,random,40,200,2.0,2.0001494884490967,2.000152724038344,True,191.81363979868752,741,330,6
58,560452419,min_w,40,200,2.0,2.000915050506592,2.0009182170033455,True,192.66458793614962,706,283,8
58,560452419,model(xgb_ranker),40,200,2.0,2.0014050006866455,2.0014078120002523,True,192.66458793614962,481,197,3
59,252972607,random,40,200,2.0,2.000875234603882,2.000878114020452,True,206.9635908860902,1005,462,5
59,252972607,min_w,40,200,2.0,2.0021262168884277,2.002129881992005,True,206.33727985378556,850,364,6
59,252972607,model(xgb_ranker),40,200,2.0,2.0007314682006836,2.0007342180470005,True,206.8900140101006,546,233,1
60,730639503,random,40,200,2.0,0.009582042694091797,0.00958344095852226,False,467.81962125232315,1,1,1
60,730639503,min_w,40,200,2.0,0.00879979133605957,0.008800696989055723,False,467.81962125232315,1,1,1
60,730639503,model(xgb_ranker),40,200,2.0,0.008762836456298828,0.00876385800074786,False,467.81962125232315,1,1,1
61,1357402094,random,40,200,2.0,2.0008363723754883,2.00083957699826,True,199.85484251919573,791,391,1
61,1357402094,min_w,40,200,2.0,2.000328540802002,2.0003315649810247,True,197.56570037742958,682,324,1
61,1357402094,model(xgb_ranker),40,200,2.0,2.002779960632324,2.0027833010535687,True,197.56570037742958,458,223,1
62,336835980,random,40,200,2.0,2.0008323192596436,2.000835463986732,True,324.9812461638356,933,430,1
62,336835980,min_w,40,200,2.0,2.001176357269287,2.001179756014608,True,324.4881116426878,840,367,5
62,336835980,model(xgb_ranker),40,200,2.0,2.0044684410095215,2.0044715799740516,True,324.6614188493066,550,237,3
63,824056009,random,40,200,2.0,0.015384674072265625,0.015386274026241153,False,38.26603760482395,1,1,1
63,824056009,min_w,40,200,2.0,0.014526605606079102,0.014527162013109773,False,38.26603760482395,1,1,1
63,824056009,model(xgb_ranker),40,200,2.0,0.01448965072631836,0.01449035300174728,False,38.26603760482395,1,1,1
64,1887462228,random,40,200,2.0,0.012192964553833008,0.012193889997433871,False,312.1717377387709,1,1,1
64,1887462228,min_w,40,200,2.0,0.0121917724609375,0.01219272700836882,False,312.1717377387709,1,1,1
64,1887462228,model(xgb_ranker),40,200,2.0,0.012380361557006836,0.012381640961393714,False,312.1717377387709,1,1,1
65,1086832985,random,40,200,2.0,2.002896785736084,2.0028997139888816,True,138.82895747742575,509,165,1
65,1086832985,min_w,40,200,2.0,2.000622510910034,2.0006257820059545,True,133.33992820060797,552,248,12
65,1086832985,model(xgb_ranker),40,200,2.0,2.0015430450439453,2.0015453940141015,True,133.86486587455443,407,187,8
66,230424329,random,40,200,2.0,2.0011813640594482,2.001185394998174,True,203.4855432635375,375,94,1
66,230424329,min_w,40,200,2.0,2.0027403831481934,2.0027431569760665,True,203.97108165583626,489,192,0
66,230424329,model(xgb_ranker),40,200,2.0,2.001800298690796,2.001804327010177,True,203.97108165583626,361,146,0
67,644069911,random,40,200,2.0,0.012329578399658203,0.012331072008237243,False,270.296533579881,1,1,1
67,644069911,min_w,40,200,2.0,0.01165318489074707,0.011654219008050859,False,270.296533579881,1,1,1
67,644069911,model(xgb_ranker),40,200,2.0,0.01161503791809082,0.011616086005233228,False,270.296533579881,1,1,1
68,1834190173,random,40,200,2.0,2.0021111965179443,2.0021145869977772,True,212.49899715279864,922,404,1
68,1834190173,min_w,40,200,2.0,2.001162528991699,2.0011655510170385,True,211.30173359030522,829,378,8
68,1834190173,model(xgb_ranker),40,200,2.0,2.0010759830474854,2.00107877101982,True,211.43989139228967,557,240,1
69,1499889145,random,40,200,2.0,2.0020132064819336,2.002016565995291,True,455.81764144397266,739,340,9
69,1499889145,min_w,40,200,2.0,2.0027129650115967,2.0027155370335095,True,454.249566668848,628,263,5
69,1499889145,model(xgb_ranker),40,200,2.0,2.0029611587524414,2.0029643130255863,True,454.249566668848,446,198,7
70,184045529,random,40,200,2.0,0.012901782989501953,0.012903383991215378,False,92.52379574745343,1,1,1
70,184045529,min_w,40,200,2.0,0.011717081069946289,0.011718207970261574,False,92.52379574745343,1,1,1
70,184045529,model(xgb_ranker),40,200,2.0,0.011795997619628906,0.011797139013651758,False,92.52379574745343,1,1,1
71,1846597804,random,40,200,2.0,0.012234210968017578,0.012235276983119547,False,307.26835443259154,1,1,1
71,1846597804,min_w,40,200,2.0,0.012195825576782227,0.012196752009913325,False,307.26835443259154,1,1,1
71,1846597804,model(xgb_ranker),40,200,2.0,0.012300252914428711,0.012301177950575948,False,307.26835443259154,1,1,1
72,1234820840,random,40,200,2.0,0.014635562896728516,0.014636702020652592,False,-14.233903129010454,1,1,1
72,1234820840,min_w,40,200,2.0,0.014573335647583008,0.014574214001186192,False,-14.233903129010454,1,1,1
72,1234820840,model(xgb_ranker),40,200,2.0,0.014548540115356445,0.014549360028468072,False,-14.233903129010454,1,1,1
73,668144104,random,40,200,2.0,2.000647783279419,2.000650381029118,True,256.920065048093,544,185,0
73,668144104,min_w,40,200,2.0,2.000361442565918,2.000364311039448,True,255.92756583159616,565,250,6
73,668144104,model(xgb_ranker),40,200,2.0,2.000793695449829,2.0007967419805937,True,256.63374537166146,401,200,2
74,240327703,random,40,200,2.0,0.014395952224731445,0.014397503051441163,False,189.7702937240051,1,1,1
74,240327703,min_w,40,200,2.0,0.01368403434753418,0.013684917008504272,False,189.7702937240051,1,1,1
74,240327703,model(xgb_ranker),40,200,2.0,0.013510465621948242,0.013511219003703445,False,189.7702937240051,1,1,1
75,1981347325,random,40,200,2.0,0.01017451286315918,0.01017558400053531,False,290.8677211037519,1,1,1
75,1981347325,min_w,40,200,2.0,0.01015019416809082,0.010151171998586506,False,290.8677211037519,1,1,1
75,1981347325,model(xgb_ranker),40,200,2.0,0.010117530822753906,0.010118158999830484,False,290.8677211037519,1,1,1
76,1491643388,random,40,246,2.0,0.01122283935546875,0.011224729008972645,False,401.33676244081346,1,0,0
76,1491643388,min_w,40,246,2.0,0.010872125625610352,0.010873105027712882,False,401.33676244081346,1,0,0
76,1491643388,model(xgb_ranker),40,246,2.0,0.01084280014038086,0.010843626980204135,False,401.33676244081346,1,0,0
77,1633991068,random,40,200,2.0,0.013081789016723633,0.01308275799965486,False,18.765230383612142,1,1,1
77,1633991068,min_w,40,200,2.0,0.013072490692138672,0.013073373003862798,False,18.765230383612142,1,1,1
77,1633991068,model(xgb_ranker),40,200,2.0,0.013064384460449219,0.013065131031908095,False,18.765230383612142,1,1,1
78,293815531,random,40,200,2.0,2.0011303424835205,2.0011328770196997,True,197.82382532643027,515,221,2
78,293815531,min_w,40,200,2.0,2.000221014022827,2.0002243790077046,True,198.0438720074325,512,230,6
78,293815531,model(xgb_ranker),40,200,2.0,2.004318952560425,2.004322271037381,True,198.15530135539314,373,176,4
79,895142006,random,40,200,2.0,2.0015485286712646,2.0015517660067417,True,367.0199171769494,608,275,4
79,895142006,min_w,40,200,2.0,2.003110408782959,2.00311403098749,True,369.4288272352434,553,267,5
79,895142006,model(xgb_ranker),40,200,2.0,2.0032918453216553,2.0032949169981293,True,369.58786673865256,390,197,3
80,1513639072,random,40,200,2.0,2.0014615058898926,2.001464988978114,True,282.73837556098175,369,97,1
80,1513639072,min_w,40,200,2.0,2.001690149307251,2.0016934109735303,True,292.3219006782297,707,306,10
80,1513639072,model(xgb_ranker),40,200,2.0,2.007046937942505,2.0070505479816347,True,292.8118110423146,471,217,3
81,1132428892,random,40,200,2.0,2.002000331878662,2.00200301699806,True,106.4198023657058,521,228,0
81,1132428892,min_w,40,200,2.0,2.0030951499938965,2.003098283021245,True,106.4198023657058,488,207,0
81,1132428892,model(xgb_ranker),40,200,2.0,2.0003771781921387,2.0003803110448644,True,106.4198023657058,357,157,0
82,918060649,random,40,200,2.0,2.0013890266418457,2.0013920009951107,True,364.0265986715969,643,283,3
82,918060649,min_w,40,200,2.0,2.00219988822937,2.002202275034506,True,365.97622277239094,605,239,0
82,918060649,model(xgb_ranker),40,200,2.0,2.0025742053985596,2.0025769069907255,True,365.97622277239094,429,184,0
83,822579643,random,40,200,2.0,0.013783454895019531,0.013785463001113385,False,141.2204682152434,1,1,1
83,822579643,min_w,40,200,2.0,0.013127803802490234,0.01312924304511398,False,141.2204682152434,1,1,1
83,822579643,model(xgb_ranker),40,200,2.0,0.013039350509643555,0.013040424964856356,False,141.2204682152434,1,1,1
84,584684151,random,40,200,2.0,2.0005276203155518,2.0005308400141075,True,354.6771476631907,694,261,1
84,584684151,min_w,40,200,2.0,2.0025556087493896,2.0025587949785404,True,357.7449980567868,634,276,0
84,584684151,model(xgb_ranker),40,200,2.0,2.0064282417297363,2.006430994020775,True,357.7449980567868,452,201,0
85,2079049588,random,40,200,2.0,0.013782739639282227,0.013784383947495371,False,342.2686982041649,1,1,1
85,2079049588,min_w,40,200,2.0,0.012585639953613281,0.012586859986186028,False,342.2686982041649,1,1,1
85,2079049588,model(xgb_ranker),40,200,2.0,0.012537956237792969,0.012538790004327893,False,342.2686982041649,1,1,1
86,1683094237,random,40,200,2.0,2.0017311573028564,2.0017342980136164,True,277.2400423653655,612,316,12
86,1683094237,min_w,40,200,2.0,2.001039505004883,2.001042129995767,True,282.40391268278427,545,272,4
86,1683094237,model(xgb_ranker),40,200,2.0,2.0018515586853027,2.001854526984971,True,282.40391268278427,378,194,4
87,1845098273,random,40,200,2.0,2.0002217292785645,2.0002243839553557,True,197.39103936352245,568,283,0
87,1845098273,min_w,40,200,2.0,2.0017776489257812,2.0017805339884944,True,197.39103936352245,486,192,0
87,1845098273,model(xgb_ranker),40,200,2.0,2.00626277923584,2.006265938980505,True,197.39103936352245,360,154,0
88,1086064772,random,40,200,2.0,0.015246391296386719,0.015247887989971787,False,161.64542743157006,1,1,1
88,1086064772,min_w,40,200,2.0,0.014000415802001953,0.014001349976751953,False,161.64542743157006,1,1,1
88,1086064772,model(xgb_ranker),40,200,2.0,0.013958930969238281,0.013959856994915754,False,161.64542743157006,1,1,1
89,686019379,random,40,200,2.0,0.0137786865234375,0.013779519009403884,False,96.63462453249868,1,1,1
89,686019379,min_w,40,200,2.0,0.013702630996704102,0.013703450036700815,False,96.63462453249868,1,1,1
89,686019379,model(xgb_ranker),40,200,2.0,0.013670921325683594,0.01367181702516973,False,96.63462453249868,1,1,1
90,951093765,random,40,200,2.0,2.0001580715179443,2.0001609210157767,True,481.1012098402293,729,317,0
90,951093765,min_w,40,200,2.0,2.0024144649505615,2.0024173649726436,True,481.1012098402293,679,285,0
90,951093765,model(xgb_ranker),40,200,2.0,2.001063823699951,2.001067431992851,True,481.1012098402293,450,199,0
91,1433449102,random,40,200,2.0,2.001246452331543,2.001249874010682,True,201.04730241240858,881,389,4
91,1433449102,min_w,40,200,2.0,2.001067638397217,2.001070618047379,True,201.26861527109435,822,372,5
91,1433449102,model(xgb_ranker),40,200,2.0,2.000500202178955,2.0005032279877923,True,200.94702303508538,533,254,11
92,1687709408,random,40,200,2.0,2.0002193450927734,2.0002230789978057,True,337.7686466468776,611,258,3
92,1687709408,min_w,40,200,2.0,2.0023725032806396,2.002375137002673,True,338.5509157703741,530,184,0
92,1687709408,model(xgb_ranker),40,200,2.0,2.0044751167297363,2.004477556969505,True,338.5509157703741,401,148,0
93,835509437,random,40,200,2.0,2.0011870861053467,2.0011910619796254,True,119.49636306750628,500,187,1
93,835509437,min_w,40,200,2.0,2.001948118209839,2.001951407000888,True,122.37648898587523,504,215,4
93,835509437,model(xgb_ranker),40,200,2.0,2.0006604194641113,2.0006631540018134,True,122.37648898587523,366,165,4
94,1793266976,random,40,200,2.0,0.014921426773071289,0.014922464033588767,False,212.01626955469592,1,0,0
94,1793266976,min_w,40,200,2.0,0.014864206314086914,0.014865177974570543,False,212.01626955469592,1,0,0
94,1793266976,model(xgb_ranker),40,200,2.0,0.014867305755615234,0.014868105005007237,False,212.01626955469592,1,0,0
95,683298226,random,40,200,2.0,2.001174211502075,2.001177578989882,True,105.4201006590886,482,223,2
95,683298226,min_w,40,200,2.0,2.0038959980010986,2.0038992289919406,True,105.61316606761875,538,256,7
95,683298226,model(xgb_ranker),40,200,2.0,2.0046796798706055,2.0046827259939164,True,105.61316606761875,379,188,8
96,2015242014,random,40,200,2.0,0.01607799530029297,0.01607967499876395,False,30.994574164887354,1,1,1
96,2015242014,min_w,40,200,2.0,0.014961719512939453,0.014962623012252152,False,30.994574164887354,1,1,1
96,2015242014,model(xgb_ranker),40,200,2.0,0.014988899230957031,0.01498955098213628,False,30.994574164887354,1,1,1
97,1381571935,random,40,200,2.0,2.0005252361297607,2.000527766009327,True,314.4330875906195,541,285,2
97,1381571935,min_w,40,200,2.0,2.002810001373291,2.0028136979672126,True,312.89306633098096,496,235,8
97,1381571935,model(xgb_ranker),40,200,2.0,2.000307559967041,2.0003110310062766,True,315.71149184498995,359,178,5
98,169109517,random,40,200,2.0,0.013701438903808594,0.013702822965569794,False,67.97434185342385,1,1,1
98,169109517,min_w,40,200,2.0,0.013526201248168945,0.01352723699528724,False,67.97434185342385,1,1,1
98,169109517,model(xgb_ranker),40,200,2.0,0.013492584228515625,0.013493395003024489,False,67.97434185342385,1,1,1
99,129864835,random,40,200,2.0,0.036675214767456055,0.036679701996035874,False,477.7509800127165,4,4,1
99,129864835,min_w,40,200,2.0,2.004579544067383,2.004583222034853,True,477.89137325992044,273,56,1
99,129864835,model(xgb_ranker),40,200,2.0,2.002516746520996,2.002520408015698,True,477.89137325992044,241,51,1
100,825149384,random,40,200,2.0,2.0009403228759766,2.00094351998996,True,131.69129671758017,591,284,7
100,825149384,min_w,40,200,2.0,2.003438711166382,2.0034412929671817,True,132.84878044151196,536,251,0
100,825149384,model(xgb_ranker),40,200,2.0,2.0025570392608643,2.0025599850341678,True,132.84878044151196,375,182,0
101,1878973590,random,40,200,2.0,2.0024354457855225,2.002438685973175,True,334.83270789321176,641,293,5
101,1878973590,min_w,40,200,2.0,2.0019214153289795,2.001925617980305,True,336.98631313153015,614,250,3
101,1878973590,model(xgb_ranker),40,200,2.0,2.0033979415893555,2.0034006680361927,True,337.73307820272106,438,183,0
102,1318297467,random,40,200,2.0,2.0015251636505127,2.001528681954369,True,202.74623220750055,827,408,3
102,1318297467,min_w,40,200,2.0,2.0018041133880615,2.0018072860548273,True,203.12317595119822,727,325,4
102,1318297467,model(xgb_ranker),40,200,2.0,2.0022873878479004,2.0022901099873707,True,203.12317595119822,475,220,4
103,1353480419,random,40,200,2.0,2.000145196914673,2.000148104969412,True,129.3376803947651,593,244,7
103,1353480419,min_w,40,200,2.0,2.000556707382202,2.0005595539696515,True,130.95466837148132,536,251,3
103,1353480419,model(xgb_ranker),40,200,2.0,2.003174304962158,2.0031774939852767,True,131.28173233330608,376,182,1
104,1728278760,random,40,200,2.0,0.012468576431274414,0.012470042041968554,False,247.2091938912982,1,1,1
104,1728278760,min_w,40,200,2.0,0.011406183242797852,0.011407054029405117,False,247.2091938912982,1,1,1
104,1728278760,model(xgb_ranker),40,200,2.0,0.011408090591430664,0.011408919002860785,False,247.2091938912982,1,1,1
105,1540579954,random,40,200,2.0,0.012239694595336914,0.012240723997820169,False,179.4187230928351,1,1,1
105,1540579954,min_w,40,200,2.0,0.012233257293701172,0.012234223017003387,False,179.4187230928351,1,1,1
105,1540579954,model(xgb_ranker),40,200,2.0,0.012218475341796875,0.012219792988616973,False,179.4187230928351,1,1,1
106,966774742,random,40,200,2.0,0.013612031936645508,0.013613097951747477,False,242.85872889721392,1,1,1
106,966774742,min_w,40,200,2.0,0.013691902160644531,0.013692952983547002,False,242.85872889721392,1,1,1
106,966774742,model(xgb_ranker),40,200,2.0,0.013659477233886719,0.013660710013937205,False,242.85872889721392,1,1,1
107,1311158456,random,40,200,2.0,2.000840187072754,2.0008434979827143,True,177.5646080279135,726,333,3
107,1311158456,min_w,40,200,2.0,2.0015478134155273,2.0015510529628955,True,178.90268755211702,708,307,5
107,1311158456,model(xgb_ranker),40,200,2.0,2.0028798580169678,2.00288313702913,True,179.0861339566158,476,215,4
108,1890066715,random,40,200,2.0,0.015590429306030273,0.015591791016049683,False,155.03724148168806,1,1,1
108,1890066715,min_w,40,200,2.0,0.015581846237182617,0.015582435997202992,False,155.03724148168806,1,1,1
108,1890066715,model(xgb_ranker),40,200,2.0,0.015541791915893555,0.015542796987574548,False,155.03724148168806,1,1,1
109,1628037049,random,40,200,2.0,2.0020878314971924,2.0020910630119033,True,105.46353044975027,534,213,2
109,1628037049,min_w,40,200,2.0,2.0029361248016357,2.0029394989833236,True,108.28679088756658,487,244,2
109,1628037049,model(xgb_ranker),40,200,2.0,2.0016751289367676,2.0016779560246505,True,108.28679088756658,348,181,2
110,1632976005,random,40,200,2.0,2.002735137939453,2.0027381560066715,True,207.136693868157,592,252,2
110,1632976005,min_w,40,200,2.0,2.000546932220459,2.000550305005163,True,210.2374572391114,515,252,4
110,1632976005,model(xgb_ranker),40,200,2.0,2.001847982406616,2.001851349021308,True,210.25011376159142,378,192,3
111,618773037,random,40,200,2.0,2.0021660327911377,2.002169278974179,True,177.7006999218937,669,311,2
111,618773037,min_w,40,200,2.0,2.0004220008850098,2.0004248159821145,True,178.03447050481373,639,280,1
111,618773037,model(xgb_ranker),40,200,2.0,2.0005602836608887,2.000562881992664,True,178.03447050481373,445,199,1
112,1183833792,random,40,200,2.0,0.012820720672607422,0.012821962009184062,False,190.3602146221514,1,1,1
112,1183833792,min_w,40,200,2.0,0.012748003005981445,0.012748636945616454,False,190.3602146221514,1,1,1
112,1183833792,model(xgb_ranker),40,200,2.0,0.012752532958984375,0.01275326800532639,False,190.3602146221514,1,1,1
113,1016668653,random,40,200,2.0,2.0004220008850098,2.000424898986239,True,243.789326352346,532,239,0
113,1016668653,min_w,40,200,2.0,2.0018467903137207,2.0018494270043448,True,243.789326352346,548,237,0
113,1016668653,model(xgb_ranker),40,200,2.0,2.005518913269043,2.0055212560109794,True,243.789326352346,397,177,0
114,1655375427,random,40,200,2.0,2.001190185546875,2.0011930140317418,True,150.4931362820072,774,338,1
114,1655375427,min_w,40,200,2.0,2.001638889312744,2.001642086019274,True,150.66815755515685,667,297,1
114,1655375427,model(xgb_ranker),40,200,2.0,2.001984119415283,2.0019881179905497,True,150.66815755515685,444,207,1
115,368642508,random,40,200,2.0,2.0005011558532715,2.000504832016304,True,597.360621864617,693,258,0
115,368642508,min_w,40,200,2.0,2.0002763271331787,2.0002789439749904,True,592.7025381304438,607,241,9
115,368642508,model(xgb_ranker),40,200,2.0,2.003075122833252,2.003077931003645,True,592.7025381304438,441,176,2
116,1979006506,random,40,200,2.0,0.01010441780090332,0.010105707973707467,False,273.065907522281,1,1,1
116,1979006506,min_w,40,200,2.0,0.009635448455810547,0.00963634200161323,False,273.065907522281,1,1,1
116,1979006506,model(xgb_ranker),40,200,2.0,0.009617328643798828,0.009618319978471845,False,273.065907522281,1,1,1
117,12360972,random,40,200,2.0,2.0013623237609863,2.0013653179630637,True,281.2789758047008,672,284,4
117,12360972,min_w,40,200,2.0,2.0005617141723633,2.0005647470243275,True,281.5494286410333,616,271,5
117,12360972,model(xgb_ranker),40,200,2.0,2.0030839443206787,2.0030869329930283,True,281.58008041379344,429,196,4
118,1471018971,random,40,200,2.0,2.0007293224334717,2.000732542015612,True,354.840315673517,720,322,5
118,1471018971,min_w,40,200,2.0,2.0003976821899414,2.0004001140478067,True,355.8833804699521,703,268,6
118,1471018971,model(xgb_ranker),40,200,2.0,2.0005075931549072,2.000510540965479,True,356.4275676853851,484,200,6
119,368449157,random,40,214,2.0,0.009410858154296875,0.00941211503231898,False,378.0815521758426,1,0,0
119,368449157,min_w,40,214,2.0,0.008861541748046875,0.008864809002261609,False,378.0815521758426,1,0,0
119,368449157,model(xgb_ranker),40,214,2.0,0.00882720947265625,0.008828163961879909,False,378.0815521758426,1,0,0
120,1182016813,random,40,200,2.0,0.012193918228149414,0.012195190007332712,False,137.50428488875983,1,1,1
120,1182016813,min_w,40,200,2.0,0.012147188186645508,0.012148226029239595,False,137.50428488875983,1,1,1
120,1182016813,model(xgb_ranker),40,200,2.0,0.012094259262084961,0.012095054960809648,False,137.50428488875983,1,1,1
121,2111940524,random,40,200,2.0,0.013236045837402344,0.013237388979177922,False,243.72444219819488,1,1,1
121,2111940524,min_w,40,200,2.0,0.013202905654907227,0.013203644019085914,False,243.72444219819488,1,1,1
121,2111940524,model(xgb_ranker),40,200,2.0,0.01381683349609375,0.013817713945172727,False,243.72444219819488,1,1,1
122,1669701273,random,40,200,2.0,0.013889074325561523,0.013890008965972811,False,204.58630234932548,1,1,1
122,1669701273,min_w,40,200,2.0,0.013856649398803711,0.013857617974281311,False,204.58630234932548,1,1,1
122,1669701273,model(xgb_ranker),40,200,2.0,0.013847827911376953,0.013848836009856313,False,204.58630234932548,1,1,1
123,599322391,random,40,226,2.0,0.009697914123535156,0.009699021000415087,False,481.17209705987426,1,0,0
123,599322391,min_w,40,226,2.0,0.009604454040527344,0.009605350031051785,False,481.17209705987426,1,0,0
123,599322391,model(xgb_ranker),40,226,2.0,0.009634971618652344,0.009635880996938795,False,481.17209705987426,1,0,0
124,159541581,random,40,200,2.0,0.015402078628540039,0.01540308800758794,False,35.36301254825443,1,1,1
124,159541581,min_w,40,200,2.0,0.015320301055908203,0.015321045997552574,False,35.36301254825443,1,1,1
124,159541581,model(xgb_ranker),40,200,2.0,0.015423297882080078,0.015424108016304672,False,35.36301254825443,1,1,1
125,1626868775,random,40,200,2.0,2.0022802352905273,2.002282731991727,True,275.43696854905284,813,386,3
125,1626868775,min_w,40,200,2.0,2.0033419132232666,2.0033451259951107,True,275.24927344225995,668,276,3
125,1626868775,model(xgb_ranker),40,200,2.0,2.0017306804656982,2.001733840967063,True,275.6096676969067,458,193,0
126,839908678,random,40,200,2.0,0.01231074333190918,0.012312348000705242,False,296.3555266060341,1,1,1
126,839908678,min_w,40,200,2.0,0.01217031478881836,0.012171519978437573,False,296.3555266060341,1,1,1
126,839908678,model(xgb_ranker),40,200,2.0,0.01217031478881836,0.012171166017651558,False,296.3555266060341,1,1,1
127,1908307132,random,40,200,2.0,0.01308584213256836,0.01308696495834738,False,285.1665998244602,1,1,1
127,1908307132,min_w,40,200,2.0,0.01306772232055664,0.013068296015262604,False,285.1665998244602,1,1,1
127,1908307132,model(xgb_ranker),40,200,2.0,0.013038158416748047,0.01303916098549962,False,285.1665998244602,1,1,1
128,488268725,random,40,200,2.0,2.0009686946868896,2.0009713399922475,True,195.55601558631804,582,275,2
128,488268725,min_w,40,200,2.0,0.023395299911499023,0.023397228040266782,False,195.39976389526433,2,2,1
128,488268725,model(xgb_ranker),40,200,2.0,0.0274660587310791,0.027468253043480217,False,195.39976389526433,2,2,1
129,1043787491,random,40,200,2.0,0.015109062194824219,0.01511021499754861,False,193.01122557145968,1,1,1
129,1043787491,min_w,40,200,2.0,0.01530146598815918,0.01530241098953411,False,193.01122557145968,1,1,1
129,1043787491,model(xgb_ranker),40,200,2.0,0.014974117279052734,0.014975058962590992,False,193.01122557145968,1,1,1
130,1294053579,random,40,200,2.0,2.001389265060425,2.0013923619990237,True,167.43121759090107,715,342,12
130,1294053579,min_w,40,200,2.0,2.0004568099975586,2.0004599129897542,True,167.33694230422793,635,277,13
130,1294053579,model(xgb_ranker),40,200,2.0,2.002061128616333,2.00206365599297,True,167.45375280647102,437,199,5
131,224423435,random,40,200,2.0,2.001439332962036,2.0014419649960473,True,356.41062730254896,866,375,0
131,224423435,min_w,40,200,2.0,2.0011298656463623,2.0011336469906382,True,353.03887106021136,772,373,9
131,224423435,model(xgb_ranker),40,200,2.0,2.001666784286499,2.0016697560204193,True,353.7620976520515,505,242,2
132,2111588892,random,40,200,2.0,2.0003843307495117,2.0003879939904436,True,228.5597153632515,722,293,9
132,2111588892,min_w,40,200,2.0,2.003467082977295,2.003470236028079,True,227.28843882149866,588,264,5
132,2111588892,model(xgb_ranker),40,200,2.0,2.0020363330841064,2.002038884034846,True,227.28843882149866,431,193,3
133,912548711,random,40,200,2.0,2.0007858276367188,2.0007892309804447,True,152.2034505174837,606,179,1
133,912548711,min_w,40,200,2.0,2.0005147457122803,2.0005181019660085,True,155.4754186770604,635,283,3
133,912548711,model(xgb_ranker),40,200,2.0,2.002582311630249,2.002585514972452,True,155.7510854208276,437,200,1
134,1527527484,random,40,200,2.0,0.010824203491210938,0.010825894016306847,False,216.6527764176963,1,1,1
134,1527527484,min_w,40,200,2.0,0.00995182991027832,0.00995288195554167,False,216.6527764176963,1,1,1
134,1527527484,model(xgb_ranker),40,200,2.0,0.01000356674194336,0.010004487005062401,False,216.6527764176963,1,1,1
135,1410431502,random,40,200,2.0,2.0021252632141113,2.0021280079963617,True,482.3255042510646,637,329,1
135,1410431502,min_w,40,200,2.0,2.003507137298584,2.003510173992254,True,480.7512494952044,668,298,8
135,1410431502,model(xgb_ranker),40,200,2.0,2.0029098987579346,2.002913279051427,True,480.7512494952044,448,208,3
136,1188703597,random,40,200,2.0,0.010944843292236328,0.010946552967652678,False,392.53122629120503,1,1,1
136,1188703597,min_w,40,200,2.0,0.010613203048706055,0.010614097001962364,False,392.53122629120503,1,1,1
136,1188703597,model(xgb_ranker),40,200,2.0,0.010565996170043945,0.010566946002654731,False,392.53122629120503,1,1,1
137,442225738,random,40,200,2.0,2.0008809566497803,2.0008841900271364,True,446.42353994053985,768,339,3
137,442225738,min_w,40,200,2.0,2.00341534614563,2.0034180220100097,True,449.9066366295413,649,222,0
137,442225738,model(xgb_ranker),40,200,2.0,2.0031557083129883,2.003158318984788,True,449.9066366295413,465,163,0
138,655159837,random,40,200,2.0,2.0006179809570312,2.0006216629990377,True,198.1397501827539,847,402,8
138,655159837,min_w,40,200,2.0,2.003117799758911,2.003120946988929,True,199.86066153193465,678,267,0
138,655159837,model(xgb_ranker),40,200,2.0,2.0010783672332764,2.0010810240055434,True,199.86066153193465,465,191,0
139,185643633,random,40,200,2.0,2.0007717609405518,2.000775402004365,True,198.35812537265832,871,376,2
139,185643633,min_w,40,200,2.0,2.0015907287597656,2.001593897002749,True,198.1118309442192,771,314,8
139,185643633,model(xgb_ranker),40,200,2.0,2.0023021697998047,2.0023051949683577,True,198.26155342446145,514,215,3
140,2131446869,random,40,200,2.0,0.012682199478149414,0.012683756009209901,False,301.60080718107895,1,1,1
140,2131446869,min_w,40,200,2.0,0.012139558792114258,0.012140555016230792,False,301.60080718107895,1,1,1
140,2131446869,model(xgb_ranker),40,200,2.0,0.012138605117797852,0.012139893020503223,False,301.60080718107895,1,1,1
141,1272442440,random,40,200,2.0,0.014775276184082031,0.014776232012081891,False,69.59959073093299,1,1,1
141,1272442440,min_w,40,200,2.0,0.01471400260925293,0.014714944001752883,False,69.59959073093299,1,1,1
141,1272442440,model(xgb_ranker),40,200,2.0,0.014756917953491211,0.01475783798377961,False,69.59959073093299,1,1,1
142,68048933,random,40,200,2.0,0.008792638778686523,0.0087940709781833,False,404.80281200309025,1,1,1
142,68048933,min_w,40,200,2.0,0.00874018669128418,0.008741150959394872,False,404.80281200309025,1,1,1
142,68048933,model(xgb_ranker),40,200,2.0,0.008684158325195312,0.008685162989422679,False,404.80281200309025,1,1,1
143,638590318,random,40,200,2.0,0.015757322311401367,0.01575809100177139,False,102.18223910989465,1,1,1
143,638590318,min_w,40,200,2.0,0.015763521194458008,0.015764355019200593,False,102.18223910989465,1,1,1
143,638590318,model(xgb_ranker),40,200,2.0,0.015761375427246094,0.015762349998112768,False,102.18223910989465,1,1,1
144,636226707,random,40,200,2.0,2.0020840167999268,2.0020870639709756,True,396.22365975583284,786,359,4
144,636226707,min_w,40,200,2.0,2.001577854156494,2.001580789044965,True,400.69468043011386,698,285,5
144,636226707,model(xgb_ranker),40,200,2.0,2.000831127166748,2.000835156009998,True,400.36144052977664,470,216,6
145,2001073889,random,40,200,2.0,0.013005495071411133,0.013007305038627237,False,66.44136682609195,1,1,1
145,2001073889,min_w,40,200,2.0,0.012220382690429688,0.012221262033563107,False,66.44136682609195,1,1,1
145,2001073889,model(xgb_ranker),40,200,2.0,0.012149810791015625,0.012150618946179748,False,66.44136682609195,1,1,1
146,345026917,random,40,200,2.0,0.012327909469604492,0.01232903398340568,False,30.991412368465824,1,1,1
146,345026917,min_w,40,200,2.0,0.012267351150512695,0.012268137012142688,False,30.991412368465824,1,1,1
146,345026917,model(xgb_ranker),40,200,2.0,0.019983768463134766,0.01998697902308777,False,30.991412368465824,1,1,1
147,2099889881,random,40,200,2.0,0.016299009323120117,0.01630142197245732,False,114.76571447692949,1,1,1
147,2099889881,min_w,40,200,2.0,0.013964653015136719,0.013965738995466381,False,114.76571447692949,1,1,1
147,2099889881,model(xgb_ranker),40,200,2.0,0.013877391815185547,0.013878473022487015,False,114.76571447692949,1,1,1
148,1965178657,random,40,200,2.0,2.0022337436676025,2.0022368830395862,True,156.44781881672495,624,319,8
148,1965178657,min_w,40,200,2.0,2.001662015914917,2.0016651260084473,True,155.88668270027,609,265,7
148,1965178657,model(xgb_ranker),40,200,2.0,2.0032663345336914,2.0032697439892218,True,155.88668270027,431,197,7
149,89575901,random,40,200,2.0,2.000308036804199,2.0003110980032943,True,538.4335552528388,838,341,14
149,89575901,min_w,40,200,2.0,2.0008275508880615,2.000830723962281,True,539.6203472051327,731,329,6
149,89575901,model(xgb_ranker),40,200,2.0,2.003523111343384,2.0035262380260974,True,539.6272516484468,484,221,3
150,752786790,random,40,200,2.0,2.002382755279541,2.0023861789959483,True,161.21852868148198,616,296,3
150,752786790,min_w,40,200,2.0,2.0016744136810303,2.0016774390242063,True,160.31356418511564,593,272,9
150,752786790,model(xgb_ranker),40,200,2.0,2.0013089179992676,2.00131193397101,True,160.43515503075773,418,202,8
151,828092199,random,40,200,2.0,2.001509189605713,2.001512554998044,True,196.46842164611968,765,386,5
151,828092199,min_w,40,200,2.0,2.002612829208374,2.002616405952722,True,196.39740561883445,654,286,4
151,828092199,model(xgb_ranker),40,200,2.0,2.0002987384796143,2.000301727966871,True,196.39740561883445,459,204,3
152,697180062,random,40,200,2.0,0.011574983596801758,0.011576396995224059,False,207.62970661204704,1,1,1
152,697180062,min_w,40,200,2.0,0.011338949203491211,0.011339996010065079,False,207.62970661204704,1,1,1
152,697180062,model(xgb_ranker),40,200,2.0,0.011468648910522461,0.011469686985947192,False,207.62970661204704,1,1,1
153,1018115075,random,40,200,2.0,0.012953519821166992,0.012954487989190966,False,250.25410596821877,1,1,1
153,1018115075,min_w,40,200,2.0,0.013009309768676758,0.013010077993385494,False,250.25410596821877,1,1,1
153,1018115075,model(xgb_ranker),40,200,2.0,0.012931108474731445,0.012932184967212379,False,250.25410596821877,1,1,1
154,957016200,random,40,200,2.0,0.014390945434570312,0.01439188903896138,False,4.474258035726773,1,1,1
154,957016200,min_w,40,200,2.0,0.01432943344116211,0.014330197998788208,False,4.474258035726773,1,1,1
154,957016200,model(xgb_ranker),40,200,2.0,0.014328956604003906,0.014329839032143354,False,4.474258035726773,1,1,1
155,181705039,random,40,200,2.0,0.012398719787597656,0.012399532017298043,False,160.42784092854302,1,1,1
155,181705039,min_w,40,200,2.0,0.012282609939575195,0.012283677991945297,False,160.42784092854302,1,1,1
155,181705039,model(xgb_ranker),40,200,2.0,0.012341737747192383,0.01234276598552242,False,160.42784092854302,1,1,1
156,1892602888,random,40,200,2.0,2.001399517059326,2.0014027929864824,True,94.09834126161245,634,311,11
156,1892602888,min_w,40,200,2.0,2.0024304389953613,2.0024343919940293,True,93.22316085363784,584,268,6
156,1892602888,model(xgb_ranker),40,200,2.0,2.0025475025177,2.0025504620280117,True,93.23337202859145,403,194,5
157,1979802762,random,40,200,2.0,2.003818988800049,2.0038224869640544,True,143.90350342680392,576,294,3
157,1979802762,min_w,40,200,2.0,2.0010223388671875,2.0010251360363327,True,144.1692926782002,576,245,0
157,1979802762,model(xgb_ranker),40,200,2.0,2.0009734630584717,2.0009780609980226,True,144.1692926782002,402,177,0
158,1743936506,random,40,200,2.0,2.0051400661468506,2.0051443969714455,True,364.10410938047767,583,290,6
158,1743936506,min_w,40,200,2.0,2.0044825077056885,2.0044852570281364,True,364.26586927188134,510,263,8
158,1743936506,model(xgb_ranker),40,200,2.0,2.0060460567474365,2.006049156014342,True,365.1176813707554,363,193,6
159,1318171105,random,40,200,2.0,0.013722419738769531,0.013724110031034797,False,234.5336401689117,1,1,1
159,1318171105,min_w,40,200,2.0,0.012867212295532227,0.012868369987700135,False,234.5336401689117,1,1,1
159,1318171105,model(xgb_ranker),40,200,2.0,0.012843132019042969,0.012844213983044028,False,234.5336401689117,1,1,1
160,1343560813,random,40,200,2.0,2.0017008781433105,2.001704681024421,True,119.9126109555066,629,287,4
160,1343560813,min_w,40,200,2.0,2.0006048679351807,2.000607958994806,True,119.922253308403,596,263,6
160,1343560813,model(xgb_ranker),40,200,2.0,2.0054473876953125,2.005451663979329,True,119.922253308403,418,196,6
161,107621714,random,40,200,2.0,2.001753330230713,2.0017565049929544,True,223.63784366492504,977,355,4
161,107621714,min_w,40,200,2.0,2.001356601715088,2.0013599939993583,True,223.84286012177435,861,376,6
161,107621714,model(xgb_ranker),40,200,2.0,2.0023908615112305,2.002394553972408,True,224.40348362054635,574,259,8
162,1830862137,random,40,202,2.0,0.008436441421508789,0.008437978045549244,False,537.5505323593288,1,0,0
162,1830862137,min_w,40,202,2.0,0.008168220520019531,0.00816908199340105,False,537.5505323593288,1,0,0
162,1830862137,model(xgb_ranker),40,202,2.0,0.008132696151733398,0.008133729046676308,False,537.5505323593288,1,0,0
163,1516437827,random,40,200,2.0,2.0007529258728027,2.0007560969679616,True,76.20132894052453,864,376,6
163,1516437827,min_w,40,200,2.0,2.000760316848755,2.0007632700144313,True,76.51414350474084,787,305,2
163,1516437827,model(xgb_ranker),40,200,2.0,2.0009822845458984,2.000984901038464,True,76.51414350474084,532,221,2
164,440049973,random,40,200,2.0,2.000563859939575,2.000567317008972,True,568.3558461889489,954,411,0
164,440049973,min_w,40,200,2.0,2.0017971992492676,2.001800870988518,True,567.9017401373733,877,367,3
164,440049973,model(xgb_ranker),40,200,2.0,2.0011537075042725,2.0011571259819902,True,567.9017401373733,569,245,1
165,729716232,random,40,200,2.0,2.0013327598571777,2.0013358980068006,True,135.73930113804693,581,270,4
165,729716232,min_w,40,200,2.0,2.002139091491699,2.0021429879707284,True,137.66265009526433,544,270,3
165,729716232,model(xgb_ranker),40,200,2.0,2.005687713623047,2.005691902944818,True,137.66265009526433,372,188,3
166,348649918,random,40,200,2.0,0.012805700302124023,0.012807212013285607,False,396.81599537728704,1,1,1
166,348649918,min_w,40,200,2.0,0.0118865966796875,0.011887773987837136,False,396.81599537728704,1,1,1
166,348649918,model(xgb_ranker),40,200,2.0,0.01187753677368164,0.011878688994329423,False,396.81599537728704,1,1,1
167,65900463,random,40,200,2.0,0.015182256698608398,0.015183184004854411,False,45.538601303749104,1,1,1
167,65900463,min_w,40,200,2.0,0.015059947967529297,0.015060999023262411,False,45.538601303749104,1,1,1
167,65900463,model(xgb_ranker),40,200,2.0,0.015156745910644531,0.015157703950535506,False,45.538601303749104,1,1,1
168,1285327527,random,40,200,2.0,2.0043342113494873,2.0043371799984016,True,219.57918334132358,467,160,0
168,1285327527,min_w,40,200,2.0,2.0003814697265625,2.000384391983971,True,217.2834853589875,556,222,5
168,1285327527,model(xgb_ranker),40,200,2.0,2.00378155708313,2.003784856002312,True,217.2834853589875,403,170,6
169,832114687,random,40,200,2.0,2.001857042312622,2.0018604399519973,True,205.61271245133273,772,365,1
169,832114687,min_w,40,200,2.0,2.003835678100586,2.003838658973109,True,203.36993440824827,672,296,7
169,832114687,model(xgb_ranker),40,200,2.0,2.004422187805176,2.004425711988006,True,203.36993440824827,479,223,10
170,673979072,random,40,200,2.0,0.01455068588256836,0.014551892003510147,False,157.45071814700117,1,1,1
170,673979072,min_w,40,200,2.0,0.013800382614135742,0.013801703986246139,False,157.45071814700117,1,1,1
170,673979072,model(xgb_ranker),40,200,2.0,0.013825416564941406,0.01382623502286151,False,157.45071814700117,1,1,1
171,845450454,random,40,200,2.0,2.0007224082946777,2.0007250040071085,True,355.0797508363725,777,302,1
171,845450454,min_w,40,200,2.0,2.0005991458892822,2.0006022410234436,True,354.7876551190563,738,332,11
171,845450454,model(xgb_ranker),40,200,2.0,2.002289295196533,2.0022919450420886,True,354.928905018638,475,239,5
172,457587993,random,40,200,2.0,2.001958131790161,2.0019621969549917,True,136.1663263461938,735,265,2
172,457587993,min_w,40,200,2.0,2.0013318061828613,2.0013348149950616,True,136.54809853185185,671,304,6
172,457587993,model(xgb_ranker),40,200,2.0,2.0017340183258057,2.0017371060093865,True,136.54809853185185,463,218,6
173,336248790,random,40,200,2.0,2.001185655593872,2.0011891899630427,True,205.98180485287045,678,337,4
173,336248790,min_w,40,200,2.0,2.001227855682373,2.0012310359743424,True,206.03392488115622,607,275,0
173,336248790,model(xgb_ranker),40,200,2.0,2.001248836517334,2.001251736015547,True,206.03392488115622,418,193,0
174,684885731,random,40,200,2.0,2.0026416778564453,2.0026450359728187,True,297.2566423560891,707,289,0
174,684885731,min_w,40,200,2.0,2.001711368560791,2.0017141409916803,True,296.42221250745416,737,338,7
174,684885731,model(xgb_ranker),40,200,2.0,2.000948190689087,2.0009521970059723,True,297.0681433278433,495,236,2
175,1738106755,random,40,200,2.0,2.003075122833252,2.0030778169748373,True,151.190692952261,650,302,4
175,1738106755,min_w,40,200,2.0,2.001203775405884,2.0012067690258846,True,151.32021170932666,593,292,6
175,1738106755,model(xgb_ranker),40,200,2.0,2.000600814819336,2.000603789987508,True,151.32021170932666,417,214,5
176,1054546581,random,40,200,2.0,0.01423954963684082,0.014240997028537095,False,188.39164672583848,1,1,1
176,1054546581,min_w,40,200,2.0,0.013893842697143555,0.013894964999053627,False,188.39164672583848,1,1,1
176,1054546581,model(xgb_ranker),40,200,2.0,0.013902425765991211,0.013903518964070827,False,188.39164672583848,1,1,1
177,252842523,random,40,200,2.0,2.0018303394317627,2.001833285030443,True,178.648798201635,735,364,12
177,252842523,min_w,40,200,2.0,2.002869129180908,2.002871740027331,True,181.99964592481274,668,288,0
177,252842523,model(xgb_ranker),40,200,2.0,2.003124952316284,2.0031274399952963,True,181.99964592481274,457,209,0
178,1849535689,random,40,200,2.0,2.002842664718628,2.00284566701157,True,141.24189200855076,586,280,0
178,1849535689,min_w,40,200,2.0,2.0011415481567383,2.0011450520250946,True,141.24189200855076,483,197,0
178,1849535689,model(xgb_ranker),40,200,2.0,2.0018417835235596,2.001844334008638,True,141.24189200855076,358,154,0
179,976780882,random,40,200,2.0,0.012525081634521484,0.012526698992587626,False,147.36060804274044,1,1,1
179,976780882,min_w,40,200,2.0,0.012482404708862305,0.012483923987019807,False,147.36060804274044,1,1,1
179,976780882,model(xgb_ranker),40,200,2.0,0.012357950210571289,0.012358858017250896,False,147.36060804274044,1,1,1
180,1785420233,random,40,200,2.0,2.0017762184143066,2.001779009005986,True,225.63758323843277,834,387,0
180,1785420233,min_w,40,200,2.0,2.0029234886169434,2.0029268770013005,True,225.63758323843277,765,275,0
180,1785420233,model(xgb_ranker),40,200,2.0,2.0014564990997314,2.00145971798338,True,225.63758323843277,516,192,0
181,1410032560,random,40,200,2.0,2.0024759769439697,2.002478930982761,True,157.4184453055961,640,303,1
181,1410032560,min_w,40,200,2.0,2.0039801597595215,2.0039835429633968,True,156.34439640380796,584,269,8
181,1410032560,model(xgb_ranker),40,200,2.0,2.00152587890625,2.001529761997517,True,156.60936686605854,408,206,13
182,1982850421,random,40,200,2.0,2.00169038772583,2.0016938790213317,True,383.27415334622106,714,263,2
182,1982850421,min_w,40,200,2.0,2.0016040802001953,2.001608803984709,True,384.2584954333584,747,311,2
182,1982850421,model(xgb_ranker),40,200,2.0,2.001376152038574,2.0013794989790767,True,384.33182654463207,506,230,2
183,2031879459,random,40,200,2.0,0.015156984329223633,0.015158428985159844,False,258.85996168972235,1,1,1
183,2031879459,min_w,40,200,2.0,0.014503002166748047,0.014504229999147356,False,258.85996168972235,1,1,1
183,2031879459,model(xgb_ranker),40,200,2.0,0.014313220977783203,0.01431402302114293,False,258.85996168972235,1,1,1
184,833973669,random,40,200,2.0,2.005445957183838,2.005449401040096,True,280.49818316310825,260,54,2
184,833973669,min_w,40,200,2.0,2.0019073486328125,2.0019105229876004,True,281.3011205685023,508,197,0
184,833973669,model(xgb_ranker),40,200,2.0,2.0005273818969727,2.0005302489735186,True,281.3011205685023,369,149,0
185,317293341,random,40,200,2.0,2.0001637935638428,2.0001674439990893,True,191.30946581301058,768,292,4
185,317293341,min_w,40,200,2.0,2.0003421306610107,2.0003454770194367,True,196.81858264198772,764,347,2
185,317293341,model(xgb_ranker),40,200,2.0,2.0027153491973877,2.0027182169724256,True,196.8453677295876,504,241,3
186,316853440,random,40,200,2.0,2.0004680156707764,2.0004713110392913,True,196.89232783027006,635,231,0
186,316853440,min_w,40,200,2.0,2.0022695064544678,2.0022725030430593,True,196.01166468996612,745,350,6
186,316853440,model(xgb_ranker),40,200,2.0,2.000734806060791,2.000737914000638,True,196.04969720184977,493,238,1
187,290486180,random,40,200,2.0,0.011365890502929688,0.011367617000360042,False,248.28870664540207,1,1,1
187,290486180,min_w,40,200,2.0,0.01048588752746582,0.010486897022929043,False,248.28870664540207,1,1,1
187,290486180,model(xgb_ranker),40,200,2.0,0.01043248176574707,0.010433629038743675,False,248.28870664540207,1,1,1
188,584789157,random,40,200,2.0,0.012235164642333984,0.012236127979122102,False,67.21377670364963,1,1,1
188,584789157,min_w,40,200,2.0,0.01218104362487793,0.012182135018520057,False,67.21377670364963,1,1,1
188,584789157,model(xgb_ranker),40,200,2.0,0.012308835983276367,0.012309963000006974,False,67.21377670364963,1,1,1
189,1550073616,random,40,200,2.0,2.0021584033966064,2.002161302953027,True,405.57886470288605,694,238,1
189,1550073616,min_w,40,200,2.0,2.001044750213623,2.0010478769545443,True,408.1939371700834,657,283,4
189,1550073616,model(xgb_ranker),40,200,2.0,2.0011985301971436,2.001201367995236,True,409.29190267562075,452,199,1
190,1172620868,random,40,200,2.0,0.013584136962890625,0.013586312008555979,False,153.40683825787536,1,1,1
190,1172620868,min_w,40,200,2.0,0.012722969055175781,0.012724221975076944,False,153.40683825787536,1,1,1
190,1172620868,model(xgb_ranker),40,200,2.0,0.012647628784179688,0.012648492003791034,False,153.40683825787536,1,1,1
191,1626273533,random,40,200,2.0,2.0017054080963135,2.0017085769795813,True,122.355235728528,614,270,1
191,1626273533,min_w,40,200,2.0,2.0018346309661865,2.0018375730141997,True,121.11796256289075,537,269,12
191,1626273533,model(xgb_ranker),40,200,2.0,2.0004539489746094,2.0004569059819914,True,121.352605905888,389,201,8
192,118937228,random,40,200,2.0,0.009090423583984375,0.009091838961467147,False,269.1928134224563,1,1,1
192,118937228,min_w,40,200,2.0,0.009007692337036133,0.009008665045257658,False,269.1928134224563,1,1,1
192,118937228,model(xgb_ranker),40,200,2.0,0.00898885726928711,0.008989808964543045,False,269.1928134224563,1,1,1
193,663010,random,40,200,2.0,2.0011000633239746,2.0011028819717467,True,153.01382624946632,665,320,4
193,663010,min_w,40,200,2.0,2.0024991035461426,2.0025025839568116,True,151.89275212781718,583,260,6
193,663010,model(xgb_ranker),40,200,2.0,2.0027401447296143,2.0027438170509413,True,152.36582102052833,399,188,6
194,1050302325,random,40,200,2.0,2.0011136531829834,2.0011170500074513,True,272.2985515899393,664,237,0
194,1050302325,min_w,40,200,2.0,2.0028960704803467,2.0028994230087847,True,272.2985515899393,694,315,0
194,1050302325,model(xgb_ranker),40,200,2.0,2.001527786254883,2.0015305139822885,True,271.44041675923995,462,236,1
195,254248560,random,40,200,2.0,2.002473831176758,2.0024770120508038,True,191.00051537548208,786,375,4
195,254248560,min_w,40,200,2.0,2.0014824867248535,2.0014858599752188,True,190.8400467408391,673,283,4
195,254248560,model(xgb_ranker),40,200,2.0,2.004230499267578,2.004233376006596,True,190.8400467408391,452,201,4
196,494203972,random,40,200,2.0,2.002362012863159,2.00236543599749,True,156.0163997853338,562,286,7
196,494203972,min_w,40,200,2.0,2.000901937484741,2.0009051869856194,True,158.60678306353498,544,252,2
196,494203972,model(xgb_ranker),40,200,2.0,2.0016632080078125,2.001666059019044,True,158.60678306353498,380,182,2
197,1710473466,random,40,200,2.0,0.010949373245239258,0.010951095027849078,False,425.946202987916,1,1,1
197,1710473466,min_w,40,200,2.0,0.009808778762817383,0.009809481038246304,False,425.946202987916,1,1,1
197,1710473466,model(xgb_ranker),40,200,2.0,0.009809732437133789,0.009811099036596715,False,425.946202987916,1,1,1
198,1195473046,random,40,202,2.0,0.008151054382324219,0.008152130001690239,False,423.8654189458549,1,0,0
198,1195473046,min_w,40,202,2.0,0.008082866668701172,0.008083940017968416,False,423.8654189458549,1,0,0
198,1195473046,model(xgb_ranker),40,202,2.0,0.008098363876342773,0.008099385013338178,False,423.8654189458549,1,0,0
199,1232928531,random,40,200,2.0,0.01317596435546875,0.013177142012864351,False,364.74065475276996,1,1,1
199,1232928531,min_w,40,200,2.0,0.013128519058227539,0.013129397993907332,False,364.74065475276996,1,1,1
199,1232928531,model(xgb_ranker),40,200,2.0,0.01313018798828125,0.013131187006365508,False,364.74065475276996,1,1,1
